"Cod.Municipio","NEG_MUL_AFRO","NO_INFORMA","PALEN","INDIGENA","RAIZAL","ROM","SIN_ETNIA","AFRO"
5001,0.06198280722865,0.0412219710711799,0,0.00134280557264313,0.00011205046500943,4.5000186750775e-07,0.89533991566065,0.0620948576936594
5002,0.00397124616699342,0.00658523098577389,0,0.000100537877645403,0,0,0.989342984969587,0.00397124616699342
5021,0.00348525469168901,0.00214477211796247,0,0.000268096514745308,0.000268096514745308,0,0.993833780160858,0.00375335120643432
5030,0.00280287663654804,0.00121703853955375,0,3.68799557440531e-05,0,0,0.995943204868154,0.00280287663654804
5031,0.00285686139296621,0.00349719239483795,0,0.000295537385479263,0,0,0.993350408826717,0.00285686139296621
5034,0.0164131980429491,0.0040972741076378,0,0.00183172254223808,0,0,0.977657805307175,0.0164131980429491
5036,0.00117677824267782,0.0780596234309623,0,0.000653765690376569,0,0,0.920109832635983,0.00117677824267782
5038,0.232802522027322,0.00468838412416134,0,0,0,0,0.762509093848517,0.232802522027322
5040,0.0370408798505914,0.0246939199003943,0,0.00186760738742478,0.000207511931936086,0,0.936190080929654,0.0372483917825275
5042,0.29230973333923,0.00243222924866227,0,0.000132667049927033,4.42223499756777e-05,0.0011940034493433,0.703887144562862,0.292353955689205
5044,0.00515533848867182,0.00501967168633835,0,0,0,0,0.98982498982499,0.00515533848867182
5045,0.401658591683263,0.057530541271587,0,0.00612311625003715,0.00023779092233154,7.43096632286062e-06,0.534442528906459,0.401896382605594
5051,0.333483681819646,0.0186539514803956,0,0.0226167080125004,0.000161087663906698,0,0.625084571023551,0.333644769483553
5079,0.0398147930523891,0.00230333513526218,0,4.70068394951465e-05,2.35034197475733e-05,0,0.957811361553106,0.0398382964721367
5086,0.207391865719819,0.00290510006455778,0,0,0.000484183344092963,0,0.78921885087153,0.207876049063912
5088,0.0751287488639806,0.0203665823979325,0,0.00136992544495768,4.02130756836893e-05,0,0.903094530217445,0.0751689619396643
5093,0.028022802280228,0.00504050405040504,0,0.0024002400240024,0,0,0.964536453645365,0.028022802280228
5101,0.0527589889640441,0.00384478462086152,0,0.00893556425774297,0.000177999288002848,0,0.934282662869348,0.052936988252047
5107,0.118194392053313,0.004149377593361,0,0,0,0,0.877656230353326,0.118194392053313
5120,0.271558003197726,0.00376621069461716,0,0.0208918102682537,0.00021318173743116,0,0.703570794101972,0.271771184935157
5129,0.0204234341300233,0.00193670496060566,0,0.00096835248030283,2.93440145546312e-05,0,0.976642164414514,0.020452778144578
5138,0.0193728054243855,0.00193728054243855,0,0.000242160067804819,0,0,0.978447753965371,0.0193728054243855
5142,0.0191700021065936,0.00737307773330525,0,0.00189593427427849,0,0,0.971560985885823,0.0191700021065936
5145,0.0026031982149498,0.0126441056154704,0,0.000371885459278542,0,0,0.984380810710301,0.0026031982149498
5147,0.335319430652102,0.0174729276020239,0,0.00203338535016787,0.000141864094197759,2.36440156996264e-05,0.645008748285809,0.3354612947463
5148,0.0276069127123609,0.0199179847685999,0,0,7.3227885178676e-05,0,0.952401874633861,0.0276801405975395
5150,0.00585390684652583,0.000763553066938152,0,0,0,0,0.993382540086536,0.00585390684652583
5154,0.0985443636406084,0.0177781409410858,0,0.0110310854821577,3.50193189909767e-05,0,0.872611390617157,0.0985793829595994
5172,0.3802037015286,0.00209742101112472,0,0.0359581858147222,3.35587361779955e-05,0,0.581707132909375,0.380237260264778
5190,0.0122699386503067,0.000727877716543621,0,0.000207965061869606,0,0,0.98679421857128,0.0122699386503067
5197,0.00188732000559206,0.0114637215154481,0,0.000838808891374249,6.9900740947854e-05,0,0.985740248846638,0.00195722074653991
5206,0.00498866213151927,0.000226757369614512,0,0,0,0,0.994784580498866,0.00498866213151927
5209,0.00456986714406859,0.00179025723169698,0,0.000376896259304626,4.71120324130783e-05,0,0.993215867332517,0.00461697917648167
5212,0.00293059377086013,0.0298920564627733,0,4.88432295143355e-05,1.62810765047785e-05,0,0.967112225460347,0.00294687484736491
5234,0.00672294394176818,0.00808775211039782,0,0.144619117424051,0,0,0.840570186523783,0.00672294394176818
5237,0.00225237907539839,0.018244270510727,0,0.000506785291964638,0,0,0.97899656512191,0.00225237907539839
5240,0.00389831884999594,0.000974579712498985,0,8.12149760415821e-05,8.12149760415821e-05,0,0.994964671485422,0.00397953382603752
5250,0.205879245681686,0.00594263377528921,0,0.0201521314246474,2.6411705667952e-05,0,0.767999577412709,0.205905657387354
5264,0.0683861807856129,0.00709891150023663,0,0,0,0,0.92451490771415,0.0683861807856129
5266,0.0295944381391264,0.0227675847083046,0,0.000456264222611314,0.000171099083479243,0.000245242019653581,0.946765371826825,0.0297655372226056
5282,0.00323280634161463,0.0318409282139852,0,0.000177140073513131,4.42850183782826e-05,0,0.964704840352509,0.00327709135999291
5284,0.009583804447316,0.00506111021375114,0,0.104506541754159,0,0,0.880848543584774,0.009583804447316
5306,0.00217076700434153,0.000964785335262904,0,0,0,0,0.996864447660396,0.00217076700434153
5308,0.714185622868887,0.0248727170816012,0,0.000373674622822178,0.000163482647484703,0,0.260404502779205,0.714349105516372
5310,0.257725532104373,0.0374031525514293,0,0.000801496126102057,0,0,0.704069819218096,0.257725532104373
5318,0.00321988277614268,0.0354187105375695,0,0.000352174678640606,0,0,0.961009232007647,0.00321988277614268
5321,0.000172413793103448,0.0103448275862069,0,0,0.000172413793103448,0,0.989310344827586,0.000344827586206897
5347,0.0076138267093041,0.000304553068372164,0,0.000456829602558246,0,0,0.991624790619765,0.0076138267093041
5353,0.070818579462612,0,0,0.00416579879191835,0,0,0.92501562174547,0.070818579462612
5360,0.0609995068927813,0.00489248118688764,0,0.000403061552644555,9.43335548742577e-05,0,0.933610616812812,0.0610938404476556
5361,0.0285110017488917,0.0069955667629235,0,0.0123642575344694,4.06718997844389e-05,0,0.952088502053931,0.0285516736486761
5364,0.00670250645814424,0.00244362214619842,0,0.0987921524820219,0,0,0.892061718913635,0.00670250645814424
5368,0.0278975001959094,0.00125382023352402,0,7.83637645952512e-05,7.83637645952512e-05,0,0.970691952041376,0.0279758639605047
5376,0.0811586076003968,0.00278221110296338,0,2.15675279299487e-05,0,0,0.91603761376871,0.0811586076003968
5380,0.027974148551068,0.00428330458844266,0,0.000379053503402005,3.79053503402005e-05,0,0.967325588006747,0.0280120539014082
5390,0.560668858082035,0.00443047020151493,0,0.000285836787194512,0,0,0.434614834929255,0.560668858082035
5400,0.00353218210361068,0.00196232339089482,0,0.000336398295581969,5.60663825969948e-05,0,0.994113029827316,0.00358824848620767
5411,0.0710779082177161,0.000853788687299893,0,0.00064034151547492,0.000106723585912487,0,0.927321237993597,0.0711846318036286
5425,0.00119458455003982,0.00119458455003982,0,0.00132731616671091,0,0,0.996283514733209,0.00119458455003982
5440,0.00304437338472995,0.00510315826361207,0,0.000219019667966183,0,0,0.991633448683692,0.00304437338472995
5467,0.00514277980782244,0.00108269048585736,0,0.00257138990391122,0.000947354175125186,0.000135336310732169,0.990120449316552,0.00609013398294762
5480,0.149622582980043,0.00517009616378865,0,0.135663323337814,0.000206803846551546,0,0.709337193671802,0.149829386826595
5490,0.58692660079295,0.00410854783376815,0,0.0349226565870293,0.00026705560919493,0,0.373775139177058,0.587193656402145
5495,0.355444375737816,0.00241722412726966,0,0.00281072572938333,0.000112429029175333,5.62145145876665e-05,0.639159030861769,0.355556804766991
5541,0.00395623415960932,0.00327625641342647,0,0.000185448476231687,6.18161587438957e-05,0,0.992520244791989,0.00401805031835322
5576,0.0661116552399608,0.000857002938295788,0,0.0145690499510284,0,0,0.918462291870715,0.0661116552399608
5579,0.128004313886606,0.00690735414954807,0,0.00231101068200493,2.56778964667214e-05,2.56778964667214e-05,0.862725965488907,0.128029991783073
5585,0.07982765842858,0.0675602896295853,0,0.0023936329363892,5.98408234097301e-05,0,0.850158578182036,0.0798874992519897
5591,0.00464860236100067,0.114808245152609,0,0,0.000183497461618448,0,0.880359655024772,0.00483209982261912
5604,0.213155985489722,0.00174123337363966,0,0.00222490931076179,4.83675937122128e-05,0,0.782829504232164,0.213204353083434
5607,0.000765877223989631,0.00494874513962531,0,0,0,0,0.994285377636385,0.000765877223989631
5615,0.0119054687963898,0.00539358312055895,0,0.000118757793480197,5.93788967400986e-05,0,0.982522811392831,0.0119648476931299
5631,0.0123679636315015,0.0152426795026073,0,0.00049026162142889,8.91384766234345e-05,0,0.971809956767839,0.012457102108125
5642,0.35891335620228,0.00331968573641695,0,0.000165984286820848,0,0,0.637600973774483,0.35891335620228
5649,0.0129070355997975,0.0199088915134132,0,0.00303694955289354,8.43597098025983e-05,0,0.964062763624093,0.0129913953096001
5652,0.00159413358839471,0.0176948828311813,0,0.000159413358839471,0,0,0.980551570221585,0.00159413358839471
5656,0.0696371628027234,0.00818753770576575,0,0.000603292252003792,0,0,0.921572007239507,0.0696371628027234
5659,0.861113764447416,0.00444168497468717,0,0.0142324959403955,0.00014328016047378,0,0.120068774477027,0.86125704460789
5660,0.00426716141001855,0.0088126159554731,0,0.000463821892393321,0,0,0.986456400742115,0.00426716141001855
5664,0.00289592760180995,0.00235294117647059,0,0.000271493212669683,0,0,0.99447963800905,0.00289592760180995
5665,0.067937523915539,0.00347862385640241,0,0.0108185201934115,6.95724771280481e-05,0,0.917695759557519,0.0680070963926671
5667,0.0027266530334015,0.0099219874270999,0,0,0,0,0.987351359539499,0.0027266530334015
5670,0.00094665330214946,0.0133088317184542,0,0.000111370976723466,0,0,0.985633144002673,0.00094665330214946
5674,0.00913194624604369,0.0686971410781923,0,5.18860582161573e-05,0,0,0.922119026617548,0.00913194624604369
5679,0.00209017617199164,0.000810476474853901,0,8.53133131425159e-05,0,4.26566565712579e-05,0.996971377383441,0.00209017617199164
5686,0.160435735464742,0.00399639035709682,0,0.000322289544927163,9.66868634781488e-05,0,0.835148897769756,0.16053242232822
5690,0.0158521632510072,0.00289017341040462,0,8.75810124365038e-05,0,0,0.981170082326152,0.0158521632510072
5697,0.000688283878862037,0.0188513306821658,0,3.82379932701132e-05,0,0,0.980422147445702,0.000688283878862037
5736,0.194208134250087,0.00725439925416618,0,0.0118284582216525,0.000174804801305209,0,0.786534203472789,0.194382939051393
5756,0.0117631188452718,0.0090921354377445,0,0.000431674086065021,0,0,0.978713071630919,0.0117631188452718
5761,0.125449370880767,0.0110095865787897,0,0,0.000299580587177951,0,0.863241461953265,0.125748951467945
5789,0.00394769306686405,0.00129533678756477,0,0.00820379965457686,6.16827041697508e-05,0,0.986491487786825,0.0040093757710338
5790,0.0869650377044364,0.00466816831521562,0,0.00261156269382692,0.000293800803055528,0,0.905461430483466,0.0872588385074919
5792,0.00168539325842697,0.00884831460674157,0,0.00224719101123596,0,0,0.987219101123595,0.00168539325842697
5809,0.00660462323626539,0.0755779045331732,0,0.000225157610327229,0,0,0.917592314620234,0.00660462323626539
5837,0.80808763642287,0.00575826681870011,0,0.013259488516045,0.000464244991040886,0,0.172430363251344,0.808551881413911
5842,0.00399339025061966,0.000137703112090333,0,0.0125309832002203,0,0,0.98333792343707,0.00399339025061966
5847,0.0103579025247387,0.033878972841333,0,0.0529609420758963,0,0,0.902802182558032,0.0103579025247387
5854,0.0440293529019346,0.00242585966401844,0,0,0,0,0.953544787434047,0.0440293529019346
5858,0.0914667147753924,0.000631427025076673,0,0.004149377593361,0,0,0.90375248060617,0.0914667147753924
5861,0.0340772917914919,0.0693529059316956,0,0.0036698621929299,0,0,0.892899940083883,0.0340772917914919
5887,0.0191413125471461,0.00254588886095047,0,0.00037716872014081,0,0,0.977935629871763,0.0191413125471461
5890,0.0194039504452958,0.00417931240360217,0,0.00074630578635753,4.9753719090502e-05,0,0.975620677645654,0.0194537041643863
5893,0.30152133580705,0.0211502782931354,0,0.000445269016697588,0,0,0.676883116883117,0.30152133580705
5895,0.380407579549517,0.0174790450085409,0,0.0664600961347475,0.000556151432089938,0,0.535097127875104,0.380963730981607
8078,0.142933885119675,0.000318338274208631,0,0.0744314677384055,3.97922842760789e-05,0,0.782276516583434,0.142973677403951
8137,0.134139697068759,0.0007627765064836,0,0.000272420180887,0.0005993243979514,0,0.864225781845919,0.13473902146671
8141,0,0.00154705629565965,0,8.59475719810915e-05,0,0,0.998366996132359,0
8296,0.0928598556779339,0.00107608558045322,0,0.275541207747816,0.000411444486643879,0,0.630111406507153,0.0932713001645778
8372,0.0176959954878737,0.00740270727580372,0,0.000282007896221094,0,0,0.974619289340102,0.0176959954878737
8421,0.943570242154034,0.002884867558353,0,0.000611941603287001,0.000349680916164,0,0.0525832677681616,0.943919923070198
8433,0.12422015384926,0.014223989985665,0,0.0357972097155202,0.000232187203456561,0,0.825526459246098,0.124452341052717
8436,0.000817479191438763,0.00156064209274673,0,0.000297265160523187,7.43162901307967e-05,0,0.997250297265161,0.00089179548156956
8520,0.000304189118720667,0.0112984529810534,0,0,0,0,0.988397357900226,0.000304189118720667
8549,0.0194911776774723,0.000205170291341814,0,0.0217480508822323,0,0,0.958555601148954,0.0194911776774723
8558,0.000369877200769345,0.00503032993046309,0,0,0,0,0.994599792868768,0.000369877200769345
8560,0.0804666304937602,0.0296798697775366,0,0,5.42593597395551e-05,0,0.889799240368964,0.0805208898534997
8573,0.00497549383632853,0.000408436061191148,0,0.0345314124461607,7.42611020347542e-05,7.42611020347542e-05,0.95993613545225,0.00504975493836329
8606,0.385159488196071,0.00184717967201298,0,0.000856010091908452,0.000765903766444404,0,0.611371418273563,0.385925391962516
8634,0.00108520900321543,0.000964630225080386,0,0.00020096463022508,8.03858520900322e-05,0,0.997668810289389,0.00116559485530547
8638,0.00315128539272598,0.0225328752517474,0,4.73877502665561e-05,4.73877502665561e-05,1.1846937566639e-05,0.974209216917427,0.00319867314299254
8675,0.00828659914622918,0.042521135012974,0,0.000251109065037248,0,0,0.94894115677576,0.00828659914622918
8758,0.0369792626525902,0.01534019605262,8.11766667544252e-05,0.00117157675802333,0.000263275675960298,2.85215315623656e-05,0.946135990662489,0.0373237149953049
8832,0.00471609130352764,0.00320694208639879,0,0.613469156762875,0,0,0.378607809847199,0.00471609130352764
8849,0.00233617568041117,0.00116808784020558,0,0.3431842074524,0.000116808784020558,0,0.653194720242962,0.00245298446443173
11001,0.0142391798062487,0.0317055313481615,1.03264774865826e-06,0.00221753727969013,0.000199891099918849,7.7153538935467e-05,0.951559674279297,0.0144401035539162
13006,0.0360690814611035,0.0294462275205054,0,0.000560395333435223,5.0945030312293e-05,0,0.933873350654644,0.0361200264914158
13042,0.403449212384574,0.0278381314502988,0,0,0,0,0.568712656165128,0.403449212384574
13052,0.0179042904290429,0.00287128712871287,1.65016501650165e-05,0.00151815181518152,3.3003300330033e-05,0,0.977656765676568,0.017953795379538
13062,0.0278753541076487,0.00328611898016997,0,0.000113314447592068,0.000226628895184136,0,0.968498583569405,0.0281019830028329
13074,0.0269327011721322,0.0253522981693665,0,0.000329250625576189,0,0,0.947385750032925,0.0269327011721322
13140,0.3666650618651,0.00115545712772616,4.81440469885899e-05,0.000770304751817438,0.0014443214096577,0,0.62991671079871,0.368157527321747
13160,0.00510269166985585,0.0568950121188927,0,0,0,0,0.938002296211251,0.00510269166985585
13188,0.646024952190147,0.000819597486567708,0,0.000637464711774884,9.1066387396412e-05,0,0.352426919224114,0.646116018577543
13212,0.0966157205240175,0.00826575171553338,0,0,0,0,0.895118527760449,0.0966157205240175
13222,0.103000256432174,0.000940251303530216,0.000170954782460039,8.54773912300197e-05,0,0,0.895803060090606,0.103171211214634
13244,0.00184845684156301,0.0331207102922683,1.5151285586582e-05,0.000984833563127831,0,0,0.964030848017454,0.00186360812714959
13248,0.000644828475625484,0,0,0,0,0,0.999355171524374,0.000644828475625484
13430,0.153289011851179,0.00525250856836107,0,0.000388157079737375,0.00012387991906512,0,0.840946442581658,0.153412891770244
13433,0.300178392725058,0.000652656311186529,0.118000261062524,0.0022190314580342,0.000130531262237306,0,0.57881912718096,0.418309185049819
13440,0.0088599487617421,0.00298889837745517,0,0.000213492741246798,0.000106746370623399,0,0.987830913748933,0.0089666951323655
13442,0.970991118377447,0.00218726525562282,0,0.00203261013653838,0.000265123061287614,0,0.0245238831691043,0.971256241438734
13468,0.0743599670909355,0.00515414025068964,0,0.000145187049315201,0.000217780573972802,0,0.920122925035087,0.0745777476649083
13473,0.0957446808510638,0.018484985664705,0,0,0.000301795684321714,0,0.885468537799909,0.0960464765353855
13549,0.144360306418949,0.00462269965659945,0,0.000440257110152329,0,0,0.8505767368143,0.144360306418949
13600,0.288525880732139,0.0333267729449583,0,0,0.000196811651249754,0,0.677950534671653,0.288722692383389
13647,0.262885585172572,0.00111336695264916,0.00209574955792783,0.000982382605278669,0.000261968694740978,0,0.732660947016831,0.265243303425241
13650,7.91640278657378e-05,0.0797973400886637,0,7.91640278657378e-05,0,0,0.920044331855605,7.91640278657378e-05
13654,0.0763973984352908,0.0157413516825337,0,0.000471297954566877,0,0,0.907389951927609,0.0763973984352908
13657,0.092085707208323,0.0073383700767897,0.000402526628684667,0.000743126083725539,6.19271736437949e-05,0,0.899368342828833,0.0925501610106515
13667,0.192969021928298,0.00278454577097111,0,0.000278454577097111,6.96136442742778e-05,0,0.80389836407936,0.193038635572572
13670,0.687029659141213,0.0671388519994098,0,7.37789582411096e-05,0.000147557916482219,0,0.245610151984654,0.687177217057695
13673,0.134113934562365,0.00232519515030726,0.00016608536787909,0.000249128051818635,0,0,0.86314565686763,0.134280019930244
13683,0.314293493057446,0.0174789000816771,0,0.00092567383610128,0.000272257010618023,0,0.667029676014157,0.314565750068064
13688,0.0424970255800119,0.0376635930993456,0,0.000594883997620464,0,0,0.919244497323022,0.0424970255800119
13744,0.0346215337118915,0.0252494624841502,0,0.000882077292022714,0,0,0.939246926511936,0.0346215337118915
13780,0.0866672742185364,0.00820195024150187,0,0.000637929463227923,0,0,0.904492846076734,0.0866672742185364
13810,0.0244736560863525,0.00651918349898472,0,0.000267179651597734,5.34359303195469e-05,0,0.968686544832746,0.024527092016672
13836,0.207612293144208,0.00104018912529551,1.57604412923562e-05,0.000551615445232467,0.000803782505910165,0,0.789976359338061,0.208431836091411
13838,0.000888428222403198,0.000444214111201599,7.40356852002665e-05,7.40356852002665e-05,7.40356852002665e-05,0,0.998445250610794,0.00103649959280373
13873,0.00170241743275451,0.0527749404153899,0,0.000113494495516967,0,0,0.945409147656339,0.00170241743275451
13894,0.0126878781963693,0.0162014444661331,0,0.000585594378293968,0,0,0.970525082959204,0.0126878781963693
15001,0.00184360217558178,0.0105629875540451,1.31217236696212e-05,0.00181079786640773,0.000111534651191781,6.56086183481062e-06,0.985651395167269,0.00196825855044319
15047,0.00130540187729222,0.00192702181885995,0,0,6.21619941567725e-05,0,0.996705414309691,0.001367563871449
15087,0.000826348719159485,0.026207059379058,0,0.000354149451068351,0,0,0.972612442450714,0.000826348719159485
15092,0,0,0,0,0,0,1,0
15135,0.00557103064066852,0.00253228665484933,0,0,0,0,0.991896682704482,0.00557103064066852
15162,0.000476303881876637,0.00809716599190283,0,0,0,0,0.991426530126221,0.000476303881876637
15176,0.000837139893355657,0.00242042621339788,0,0.000218384320005824,0,0,0.996524049573241,0.000837139893355657
15180,0.00657004830917874,0.0117874396135266,0,0.00173913043478261,0,0,0.979903381642512,0.00657004830917874
15204,0.0111355081555834,0.0011762860727729,0,0.00274466750313676,0.000156838143036386,0.00023525721455458,0.984551442910916,0.0112923462986198
15215,0.00120918984280532,0.0060459492140266,0,0,0,0,0.992744860943168,0.00120918984280532
15218,0.0046801872074883,0.00062402496099844,0,0,0,0,0.994695787831513,0.0046801872074883
15223,0.00108325595790777,0.0108325595790777,0,0.378056329309811,0,0,0.610027855153203,0.00108325595790777
15236,0.00235183443085607,0.0192850423330198,0,0,0.000470366886171214,0,0.977892756349953,0.00282220131702728
15238,0.00233381084747692,0.00390865881772558,0,0.00019922775527242,1.89740719307067e-05,3.79481438614134e-05,0.993501380363733,0.00235278491940763
15248,0.0148185998978028,0.000510986203372509,0,0.00306591722023505,0,0,0.98160449667859,0.0148185998978028
15276,0,0.00417427602400209,0,0,0,0,0.995825723975998,0
15293,0.00033500837520938,0.00368509212730318,0,0.00100502512562814,0,0,0.994974874371859,0.00033500837520938
15322,0.00191512952323355,0.0108859993952223,0,0.00665255518596916,0,0,0.980546315895575,0.00191512952323355
15332,0.0146959459459459,0.00371621621621622,0,0.383783783783784,0.000168918918918919,0,0.597635135135135,0.0148648648648649
15362,0.000480538202787122,0.0610283517539644,0,0,0,0,0.938491110043248,0.000480538202787122
15367,0.000137230684781117,0.0101550706738027,0,0,0,0,0.989707698641416,0.000137230684781117
15368,0.345967386513883,0.00440722785368004,0,0,0,0,0.649625385632437,0.345967386513883
15380,0.000655307994757536,0.000655307994757536,0,0,0,0,0.998689384010485,0.000655307994757536
15407,0.00103680663556247,0.0186625194401244,0,0.000725764644893727,0,0,0.979574909279419,0.00103680663556247
15442,0.113802083333333,0.01171875,0,0,0,0,0.874479166666667,0.113802083333333
15455,0.000423056583818086,0.0274986779481756,0,0,0.000105764145954521,0,0.971972501322052,0.000528820729772607
15466,0.0002040399918384,0.00836563966537441,0,0,0,0,0.991430320342787,0.0002040399918384
15469,0.000561350984703186,0.0181035692566777,0,0,0,0,0.981335079758619,0.000561350984703186
15476,0.0020249746878164,0.0472494093823827,0,0,0,0,0.950725615929801,0.0020249746878164
15480,0.00477933699410209,0.0153548911938174,0,0.000101688021151108,0,0,0.979764083790929,0.00477933699410209
15491,0.00213775135279578,0.00320662702919367,0,0.00267218919099472,0,0,0.991983432427016,0.00213775135279578
15507,0.0300663803201874,0.00302616165560328,0,0,0,0,0.966907458024209,0.0300663803201874
15514,0.00277606415792721,0.000925354719309068,0,0.000308451573103023,0,0,0.995990129549661,0.00277606415792721
15516,0.00106328371342671,0.00744298599398695,0,0.000183324778177018,0.000146659822541615,3.66649556354037e-05,0.991127080736232,0.00120994353596832
15518,0.000922509225092251,0.00415129151291513,0,0,0,0,0.994926199261993,0.000922509225092251
15522,0.000561482313307131,0.00224592925322852,0,0,0,0,0.997192588433464,0.000561482313307131
15531,0.0771048744460857,0.00472673559822747,0,9.84736582964057e-05,0,0,0.91806991629739,0.0771048744460857
15537,0.399763918945505,0.00157387369663584,0,0.000590202636238442,0,0,0.598072004721621,0.399763918945505
15542,0.0523492812701137,0.00536365586783952,0,0.00010727311735679,0.00010727311735679,0,0.942072516627333,0.0524565543874705
15572,0.0655553774643372,0.0266869690655554,0,0.00400705241224555,2.00352620612278e-05,0,0.903730565795801,0.0655754127263985
15580,0.0293872694824509,0.00618679357525283,0,0.000237953599048186,0.000118976799524093,0,0.964069006543724,0.029506246281975
15600,0.000487844540206521,0.00430929343849093,0,0.000487844540206521,8.13074233677535e-05,0,0.994633710057728,0.000569151963574274
15632,0.000872254381095869,0.00531282213940211,0,0,0,0,0.993814923479502,0.000872254381095869
15646,0.0020746887966805,0.00345781466113416,0,0,0,0,0.994467496542185,0.0020746887966805
15667,0.00178629425138032,0.0535888275414095,0,0.00146151347840208,0.00016239038648912,0,0.943000974342319,0.00194868463786944
15673,0.00703142166556801,0.003295978905735,0,0.001098659635245,0,0,0.988573939793452,0.00703142166556801
15681,0.170771257727779,0.00101347927434884,0,0,0.000101347927434884,0,0.828113915070437,0.170872605655214
15686,0.000260416666666667,0.00611979166666667,0,0,0,0,0.993619791666667,0.000260416666666667
15690,0.000666963094708759,0.0177856825255669,0,0,0,0,0.981547354379724,0.000666963094708759
15720,0.000751597143930853,0.0240511086057873,0,0,0,0,0.975197294250282,0.000751597143930853
15740,0.00104849279161206,0.00406290956749672,0,0,0,0,0.994888597640891,0.00104849279161206
15753,0.000801832760595647,0.00492554410080183,0,0.00011454753722795,0,0,0.994158075601375,0.000801832760595647
15755,0.00040766408479413,0.00652262535670607,0,0.000509580105992662,0,0,0.992560130452507,0.00040766408479413
15757,0.000678978815860945,0.00108636610537751,0,0,0,0,0.998234655078762,0.000678978815860945
15759,0.00335412190136785,0.0031706933598868,0,0.00217493842041822,8.73469245147878e-06,4.36734622573939e-05,0.991247838163618,0.00336285659381933
15761,0.000308071472581639,0.00184842883548983,0,0.000616142945163278,0,0,0.997227356746765,0.000308071472581639
15762,0,0.0137174211248285,0,0,0,0,0.986282578875171,0
15763,0.00120438395760568,0.00578104299650729,0,0.000120438395760568,0,0,0.992894134650126,0.00120438395760568
15764,0,0.00344589937973811,0,0.00740868366643694,0,0,0.989145416953825,0
15774,0.000281610813855252,0.0149253731343284,0,0,0,0,0.984793016051816,0.000281610813855252
15776,0.000533428165007112,0.00408961593172119,0,0,0,0,0.995376955903272,0.000533428165007112
15798,0,0.00243740305783293,0,0.00022158209616663,0,0,0.997341014846,0
15804,0,0.00285502802157132,0,0,0,0,0.997144971978429,0
15806,0.00353045013239188,0.0818422530690845,0,0.000160475006017813,0,0,0.914466821792506,0.00353045013239188
15810,0.000268096514745308,0.0123324396782842,0,0.000268096514745308,0,0,0.987131367292225,0.000268096514745308
15814,0.0033146645330895,0.00674362784318208,0,0,0,0,0.989941707623728,0.0033146645330895
15820,0.000554323725055432,0.00720620842572062,0,0,0,0,0.992239467849224,0.000554323725055432
15842,0.000202265372168285,0.0181027508090615,0,0,0,0,0.98169498381877,0.000202265372168285
15861,0.000705915572497529,0.000847098686997035,0,0,0,0,0.998446985740505,0.000705915572497529
15879,0.0014792899408284,0.00414201183431953,0,0,0,0,0.994378698224852,0.0014792899408284
15897,0.000598086124401914,0.00179425837320574,0,0,0,0,0.997607655502392,0.000598086124401914
17001,0.00897856598078891,0.00349045823799714,0,0.00201936308636848,3.2570372360782e-05,0,0.985479042322485,0.00901113635314969
17013,0.031290626260815,0.0201282108755099,0,0.000224144887255122,0,0,0.94835701797642,0.031290626260815
17042,0.022509948328087,0.00338540119973867,0,0.00543445982063313,0,0,0.968670190651541,0.022509948328087
17050,0.00114933092521139,0.00615712995648961,0,0.000246285198259585,0,0,0.992447253920039,0.00114933092521139
17088,0.231923722079986,0.00114770018539772,0,0.05773814778847,0,0,0.709190429946146,0.231923722079986
17174,0.0194343190191224,0.00304087639617161,0,0.000584783922340695,3.8985594822713e-05,0,0.976901035067543,0.0194733046139451
17272,0.00212505108295873,0.00187985288107887,0,0.00245198201879853,0,0,0.993543114017164,0.00212505108295873
17380,0.0308430042845388,0.00187271231166473,0,0.00123428765996084,4.25616434469256e-05,0,0.966007434100389,0.0308855659279857
17388,0.00521821631878558,0.00300442757748261,0,0.00094876660341556,0,0,0.990828589500316,0.00521821631878558
17433,0.000661412114865237,0.00617317973874221,0,0.000165353028716309,5.51176762387698e-05,0,0.992944937441437,0.000716529791104007
17442,0.560244648318043,0.00477064220183486,0,0.165993883792049,0,0,0.268990825688073,0.560244648318043
17444,0.000864553314121037,0.000864553314121037,0,7.20461095100865e-05,0,0,0.998198847262248,0.000864553314121037
17486,0.00110091743119266,0.0452844036697248,0,0.00561467889908257,0,0,0.948,0.00110091743119266
17513,0.00221483942414175,0.00318383167220377,0,0.000761351052048727,0.000138427464008859,0,0.993701550387597,0.00235326688815061
17524,0.0963604852686308,0.00179087232813403,0,0.00439052570768342,5.77700751010976e-05,0,0.897400346620451,0.0964182553437319
17541,0.00364793213149523,0.0404665959703075,0,0.000551431601272534,0,0,0.955334040296925,0.00364793213149523
17614,0.0114666741065201,0.0108807856485227,0,0.744162040007812,2.78994503808275e-05,0,0.233462600786765,0.0114945735569009
17616,0.0872727272727273,0.00668304668304668,0,0.0131695331695332,0,0,0.892874692874693,0.0872727272727273
17653,0.00131283846616706,0.00295388654887588,0,5.47016027569608e-05,0,0,0.9956785733822,0.00131283846616706
17662,0.00142115332057939,0.00798032249248429,0,5.46597430992074e-05,0,0,0.990543864443837,0.00142115332057939
17777,0.112828182120306,0.00186939182452642,0,0.325564971751412,0.000249252243270189,0,0.559488202060485,0.113077434363576
17867,0.0108497030607583,0.0044540886249429,0,0.00079945180447693,0,0,0.983896756509822,0.0108497030607583
17873,0.00337492783871397,0.0332608019894311,0,0.00135441183001021,0,0,0.962009858341845,0.00337492783871397
17877,0.016010165184244,0.00194832698009318,0,0.00110122829309615,0,0,0.980940279542567,0.016010165184244
18001,0.0317268086093868,0.0500232058942972,0,0.00723008644195626,7.25184196785984e-06,2.17555259035795e-05,0.910990891686488,0.0317340604513546
18029,0.0382703777335984,0.0155732273028496,0,0.0175612988734261,0,0,0.928595096090126,0.0382703777335984
18094,0.00712369321861412,0.00703117772226848,0,0.0225737811083356,0,0,0.963271347950782,0.00712369321861412
18150,0.0261140511400168,0.11884860774519,0,0.00539096889064741,9.89168603788516e-05,0,0.849547455363767,0.0262129680003957
18205,0.0383146986637578,0.018271066266703,0,0.00381783474229616,0,0,0.939596400327243,0.0383146986637578
18247,0.0211936792654281,0.00539184283578902,0,0.00160153747597694,0,0,0.971812940422806,0.0211936792654281
18256,0.00370320495556154,0.0651764072178831,0,0.0033665499596014,0,0,0.927753837866954,0.00370320495556154
18410,0.130810810810811,0.164133545310016,0,0.00292527821939587,0,0,0.702130365659777,0.130810810810811
18479,0.00670391061452514,0.014804469273743,0,0.00502793296089385,0,0,0.973463687150838,0.00670391061452514
18592,0.0581901361303281,0.0204753403258201,0,0.0213679982146842,0,0,0.899966525329168,0.0581901361303281
18610,0.0114279611235715,0.00555377549930578,0,0.0375947879953007,0.00010680337498665,0,0.945316672006835,0.0115347644985582
18753,0.00210034455090386,0.219120215226318,0,0.00438948411761929,2.35993769764478e-05,0,0.774366356728182,0.0021239439278803
18756,0.100235294117647,0.109458823529412,0,0.151435294117647,0,0,0.638870588235294,0.100235294117647
18860,0.0697187704381949,0.0248528449967299,0,0.0303466317854807,0.00013080444735121,0,0.874950948332243,0.0698495748855461
19001,0.0291046305281593,0.00181324013253278,0,0.0286136252044245,5.02603874689255e-05,0,0.940418243747414,0.0291548909156283
19022,0.000815527646387213,0.031696841189583,0,0.202631435872343,0,0,0.764856195291687,0.000815527646387213
19050,0,0.703448275862069,0,0,0,0,0.296551724137931,0
19075,0.141989113464703,0.0129963289590278,0,0.00198320604244905,8.43917464871936e-05,0,0.842946959787333,0.14207350521119
19100,0.0592945399323531,0.011642622120982,0,0.0535422562757415,0,0,0.875520581670923,0.0592945399323531
19110,0.682248728293282,0.00372741624276443,0,0.161857568847571,0.000263111734783371,0,0.1519031748816,0.682511840028065
19130,0.153426388649549,0.02722729622609,0,0.0361881785283474,2.87207766097995e-05,0,0.783129415819404,0.153455109426159
19137,0.00470285070059591,0.0112739571589628,0,0.698469962956998,3.22113061684651e-05,0,0.285521017877275,0.00473506200676437
19142,0.613627124156435,0.016505406943654,0,0.228040220072093,0,0,0.141827248827818,0.613627124156435
19212,0.267601314348302,0.0216867469879518,0,0.433384446878423,0.00455640744797371,0,0.272771084337349,0.272157721796276
19256,0.0494483040457703,0.0652986163815751,0,0.0860528927549769,2.91902621285539e-05,0,0.799170996555549,0.0494774943078989
19290,0.215829730628533,0.0256069171932158,0,0.00066511473229132,0,0,0.757898237445959,0.215829730628533
19318,0.841111382596251,0.135187964675905,0,0.00303675520960592,0.000174526161471605,0,0.0204893713567664,0.841285908757723
19392,0.111121357432682,0.0180745112504611,0,0.211822205828108,0,0,0.65898192548875,0.111121357432682
19397,0.000663990583406272,0.110886427428847,0,0.245193613617843,3.01813901548305e-05,0,0.643225786979748,0.000694171973561102
19418,0.795057915057915,0.187567567567568,0,0,0.000386100386100386,0,0.016988416988417,0.795444015444015
19450,0.151103565365025,0.00730050933786078,0,0.00158460667798529,5.65930956423316e-05,0,0.839954725523486,0.151160158460668
19455,0.513873682234805,0.0238683642506335,0,0.170050364438327,0.000156411299152251,0,0.292051177777083,0.514030093533957
19473,0.0614823017923793,0.0171444977646528,0,0.428448381936754,8.20310897830278e-05,0,0.492842787416431,0.0615643328821623
19513,0.935016306317188,0.0355115352095664,0,0.00688488947940573,0,0,0.0225872689938398,0.935016306317188
19532,0.685634642187725,0.0223482481857067,0,0.00355649541019849,4.80607487864661e-05,0,0.288412553467583,0.685682702936512
19548,0.0208695652173913,0.00571428571428571,0,0.14031746031746,0,0,0.833098688750863,0.0208695652173913
19573,0.972636815920398,0.00221619176843057,0,0.00115332428765265,0.000113071008593397,0,0.0238805970149254,0.972749886928991
19585,0.00214434095021108,0.0126650137371842,0,0.756550291496348,0,0,0.228640353816257,0.00214434095021108
19622,0.037037037037037,0.0191752035723667,0,0.0246913580246914,8.75580071797566e-05,0,0.919008843358725,0.0371245950442168
19693,0.000385326757090012,0.0223489519112207,0,0.310110974106042,0,7.70653514180025e-05,0.667077681874229,0.000385326757090012
19698,0.331258601663918,0.00373203724597969,0,0.193458395843924,3.71963845114255e-05,0,0.471513768861667,0.33129579804843
19701,0.0313207547169811,0.0771698113207547,0,0.230377358490566,0,0,0.661132075471698,0.0313207547169811
19743,0.00145980665671835,0.00314669434892623,0,0.795464867319795,0,0,0.19992863167456,0.00145980665671835
19760,0.000251667295834906,0.158676230023908,0,0.372719265131496,6.29168239587266e-05,0,0.468289920724802,0.000314584119793633
19780,0.578833806967688,0.00442058730659931,0,0.210819913693295,0.00042100831491422,0,0.205504683717503,0.579254815282602
19807,0.00919859704850771,0.0119449407716233,0,0.0106214016279531,3.30884785917544e-05,0,0.968201972073324,0.00923168552709946
19809,0.768293397387076,0.107914933505185,0,0.0923311266037846,5.85857402308278e-05,0,0.0314019567637237,0.768351983127307
19821,0.00221671175232943,0.0114217012323414,0,0.948226630598136,0,0,0.0381349564171927,0.00221671175232943
19824,0.000738175004258702,0.0128328885355744,0,0.760433819771734,5.67826926352848e-05,0,0.225938333995798,0.000794957696893987
19845,0.959521491167061,0.00925024342745862,0,0.00243427458617332,0.000625956322158854,0,0.0281680344971484,0.96014744748922
20001,0.121195449726353,0.00659331212928737,3.43849393965443e-05,0.0832688615719648,0.000203444224762887,2.86541161637869e-06,0.788701681996619,0.121433278890513
20011,0.0373441928975479,0.00101498966443451,0,0.000606518214113307,1.23779227370063e-05,0,0.961021921301167,0.0373565708202849
20013,0.1054213983416,0.0202225243685249,0,0.0639039430092495,5.74503533196729e-05,0,0.810394683927306,0.105478848694919
20032,0.0439671651861014,0.0341279658158102,0,0.000618463960418306,0.000168671989204993,0,0.921117733048465,0.0441358371753064
20045,0.0792108362779741,0.017962308598351,0,0.121540047114252,0.000736160188457008,0,0.780550647820966,0.0799469964664311
20060,0.00280213621678644,0.0066591943034219,0,0.00115382079514736,0,0,0.989384848684644,0.00280213621678644
20175,0.0915460220480808,0.00846725992827733,0,0.000564483995218489,3.32049408952052e-05,0,0.899389029087528,0.091579226988976
20178,0.0352656555317763,0.00316367358332558,0,0.000558295338233926,9.30492230389876e-05,0,0.960919326323625,0.0353587047548153
20228,0.245624532535527,0.00538519072550486,0,0.000486163051608078,3.7397157816006e-05,0,0.748466716529544,0.245661929693343
20238,0.710275771503611,0.00155942219304005,0,0.00168253447143795,4.1037426132633e-05,0,0.286441234405778,0.710316808929744
20250,0.198403311649911,0.00704711216242854,0,0.000640646560220777,0.000147841513897102,0,0.793761088113542,0.198551153163808
20295,0.00548368953880765,0.00147637795275591,0,0.000210911136107986,0,0,0.992829021372328,0.00548368953880765
20310,0.00812732814087369,0.0523761146856304,0,0,0,0,0.939496557173496,0.00812732814087369
20383,0.00705566923022649,0.00712622592252875,0,0.000635010230720384,7.05566923022649e-05,0,0.985112537924222,0.00712622592252875
20400,0.296829701673992,0.0436266716543533,0,0.00392780323576171,0.000654633872626952,0.00014027868699149,0.654820910876274,0.297484335546619
20443,0.0630539009152986,0.0151096905419149,0,0.00668313235507773,0.000145285485979951,0,0.915007990701729,0.0631991864012785
20517,0.0405058415714469,0.00417255103350879,0,0.000513544742585698,6.41930928232122e-05,0,0.954743869559635,0.0405700346642701
20550,0.179195238711347,0.00840988484926899,0,0.000194074265752361,6.46914219174537e-05,0.000711605641091991,0.811424505110622,0.179259930133264
20570,0.00200684688938732,0.0234328886790225,0,0.579860701215913,5.90249085113918e-05,0,0.394640538307166,0.00206587179789871
20614,0.00320901376310347,0.0470655351921843,0,0,0,0,0.949725451044712,0.00320901376310347
20621,0.0246164303748301,0.00271897455816663,0,0.0247135366090503,0,0,0.947951058457953,0.0246164303748301
20710,0.0280830280830281,0.00544363044363044,0,0.000254375254375254,5.08750508750509e-05,0,0.966168091168091,0.0281339031339031
20750,0.0607169529499627,0.00149365197908887,0,0.00448095593726662,7.46825989544436e-05,0,0.933233756534727,0.0607916355489171
20770,0.0193841971514686,0.000827374268660245,0,0.000118196324094321,0.000590981620471603,0,0.979079250635305,0.0199751787719402
20787,0.614769727192725,0.0254473452625403,0,0.00315341742446465,0,0,0.35662951012027,0.614769727192725
23001,0.0374314159524134,0.00449009137545766,5.24543384983372e-06,0.00361672663946035,0.000104908676996674,0,0.954351611921822,0.0375415700632599
23068,0.241220765206784,0.00323723286964273,0,0.0448755542001924,0.000609913439208051,0,0.710056534284173,0.241830678645992
23079,0.0802579157055987,0.00141539106730971,0,0.0281505556720486,5.24218913818411e-05,0,0.890123715663661,0.0803103375969805
23090,0.00559933637494815,0.000967786533941656,0,6.91276095672612e-05,0,0,0.993363749481543,0.00559933637494815
23162,0.0769368167853485,0.00102407773464479,0,0.00456071828335993,0.000214341851437281,0,0.917264045345209,0.0771511586367858
23168,0.0227239407711479,0.00219909104236915,0,0.728998680545375,0,0,0.246078287641108,0.0227239407711479
23182,0.0296092866538967,0.011469848376451,0,0.405114121529621,6.92344972421592e-05,0,0.553737508942789,0.0296785211511389
23189,0.00649776229799824,0.0100556148530981,0,0.0977660431061925,0.000112353238582102,0,0.885568226504129,0.00661011553658034
23300,0.227704994347277,0.00206158143246658,0,0.0671676531222983,0.000465518387976325,0,0.702600252709982,0.228170512735253
23350,0.00353551225644249,0.0121778755499686,0,0.214252042740415,0.000314267756128221,0,0.769720301697046,0.00384978001257071
23417,0.180069834688199,0.00845654427410115,9.09305835924855e-06,0.0341717133140561,0.000272791750777456,0,0.777020022914507,0.180351719497336
23419,0.279002033302193,0.025773479144914,0,0.00406660438533824,5.49541133153817e-05,0,0.69110292905424,0.279056987415508
23464,0.00946327683615819,0.00105932203389831,0,0.569279661016949,0,0,0.420197740112994,0.00946327683615819
23466,0.186454378798158,0.0123273236427674,0,0.0299666555999827,0.000101043636416127,5.77392208092152e-05,0.771092859101866,0.186555422434574
23500,0.740963091362618,0.00503107428233205,0,0.00300173339534097,0.000380501416310827,0,0.250623599543398,0.741343592778929
23555,0.0526717557251908,0.00394672730225759,0,0.00867305505928212,6.4966704563911e-05,0,0.934643495208705,0.0527367224297548
23570,0.202777602821692,0.015997984505889,0,0.375417270265163,6.2984190968067e-05,0,0.405744158216288,0.20284058701266
23574,0.814114907527652,0.01992745510725,0,0.0613944740495276,0.000492588777932023,0,0.104070574537638,0.814607496305584
23580,0.0150444562209268,0.00936230347995054,0,0.123535300005888,2.94412059117941e-05,0,0.852028499087323,0.0150738974268386
23586,0.0721937905151825,0.00436711020129649,0,0.336813374274991,0.00027294438758103,0,0.586352780620949,0.0724667349027636
23660,0.0496699114736219,0.00363155391059184,0,0.044796899836406,2.32048173200756e-05,0.000174036129900567,0.90170439383216,0.049693116290942
23670,0.00345137345751974,0.00275794682678518,0,0.946952862748806,7.87984807652908e-05,0,0.0467590184861236,0.00353017193828503
23672,0.627579170130753,0.00343889350767138,0,0.153881036958658,0.000264530269820875,0,0.214836369133097,0.627843700400574
23675,0.678493085360038,0.00359243363535209,0,0.0219678906374185,0.000222540136703227,0,0.295724050230488,0.678715625496741
23678,0.00462923996296608,0.0308475717532194,0,0.000799595993603232,0.000126251998989984,0,0.963597340291221,0.00475549196195606
23686,0.0760335209760819,0.00680098830841336,0,0.0127359331618228,0.000254718663236455,0.000254718663236455,0.903920120227209,0.0762882396393184
23807,0.264917774044091,0.00660607912020773,0,0.0527977190570745,0.000432768188992414,0,0.675245659589634,0.265350542233084
23855,0.0725745945633982,0.00118312460322041,0,0.000519420557511398,0.000259710278755699,0,0.925463149997114,0.0728343048421539
25001,0.0100738167607469,0.00495006513243595,0,0.00060790273556231,0,0,0.984368215371255,0.0100738167607469
25019,0.0056701030927835,0.00601374570446735,0,0,0,0,0.988316151202749,0.0056701030927835
25035,0.0547763958719238,0.0239922378054159,0,0.000529240539825351,0,0,0.920702125782835,0.0547763958719238
25040,0.00356285338083805,0.0195956935946092,0,0.000774533343660445,7.74533343660445e-05,0,0.975989466346526,0.00364030671520409
25053,0.000968736239542052,0.0219286657859974,0,0,8.80669308674593e-05,0,0.977014531043593,0.00105680317040951
25095,0.00116959064327485,0.00155945419103314,0,0,0,0,0.997270955165692,0.00116959064327485
25099,0.00102412380518889,0.0238962221210742,0,0,0,0,0.975079654073737,0.00102412380518889
25126,0.00147581673039512,0.0093468392925024,0,0.00131929071353503,0.000111804297757206,0,0.98774624896581,0.00158762102815232
25148,0.0340150855816652,0.00522193211488251,0,7.25268349289237e-05,0,0,0.960690455468523,0.0340150855816652
25151,0.000375023438964935,0.00718794924682793,0,0.000125007812988312,0,0,0.992312019501219,0.000375023438964935
25175,0.0109396166003038,0.00160091950248348,0,0.0201859529575962,0.00013340995854029,0.000194983785558885,0.966945117195517,0.0110730265588441
25178,0.00195336344768649,0.0107434989622757,0,0.00183127823220608,0,0,0.985471859357832,0.00195336344768649
25181,0.00377046165164613,0.0131506345411072,0,0,0,0,0.983078903807247,0.00377046165164613
25183,0.142174871418075,0.00183688464364438,0,0.000262412091949197,0.000104964836779679,0,0.855620867009552,0.142279836254855
25214,0.00925549227013832,0.0360557363710334,0,0.128458096013019,0.00055939788445891,0,0.825671277461351,0.00981489015459723
25245,0.00764235764235764,0.0155844155844156,0,0.00114885114885115,0,0,0.975624375624376,0.00764235764235764
25260,0.371649791542585,0.00603037522334723,0,0.000223347230494342,7.44490768314473e-05,0,0.622022036926742,0.371724240619416
25269,0.00548709777781968,0.00158390451318506,0,0.000829664268811223,3.7712012218692e-05,1.8856006109346e-05,0.992042765421856,0.00552480979003837
25279,0.2375524895021,0.00565601165481189,0,0.000257091438855086,0,0,0.756534407404233,0.2375524895021
25286,0.00764392200888214,0.00285615228409635,0,0.00188208878836407,1.65095507751234e-05,0,0.987601327367882,0.00766043155965726
25290,0.00321651329958325,0.00493198705936099,0,0.000261050354748786,4.66161347765689e-05,5.59393617318826e-05,0.991487893789799,0.00326312943435982
25293,0.000521648408972353,0.00643366371065902,0,0,0.000173882802990784,0,0.992870805077378,0.000695531211963137
25299,0,0.00715042372881356,0,0,0,0,0.992849576271186,0
25307,0.383251654519561,0.0143461506241099,0,0.000575940353522661,5.23582139566055e-05,0,0.60177389628885,0.383304012733518
25312,0.00250036770113252,0.00529489630828063,0,0.000588321812031181,0,0,0.991616414178556,0.00250036770113252
25317,0.00480854853072128,0.00819234194122885,0,0,0,0,0.98699910952805,0.00480854853072128
25320,0.000896,0.043136,0,0,0,3.2e-05,0.955936,0.000896
25322,0.00622542595019659,0.00483289646133683,0,0.000491480996068152,0,0,0.988450196592398,0.00622542595019659
25324,0.0103463787674314,0.00719748088169141,0,0.000449842555105713,0,0,0.982006297795772,0.0103463787674314
25326,0.00122484689413823,0.00909886264216973,0,0,0,0,0.989676290463692,0.00122484689413823
25328,0.00650084793668739,0.00339174674957603,0,0.00169587337478802,0,0,0.988411531938949,0.00650084793668739
25335,0.0650388936905791,0.00821089023336214,0,0.000216076058772688,0,0,0.926534140017286,0.0650388936905791
25368,0.00417933130699088,0.00113981762917933,0,0.00227963525835866,0,0,0.992401215805471,0.00417933130699088
25372,0.00147874306839187,0.0236598890942699,0,0.000246457178065311,0,0,0.974614910659273,0.00147874306839187
25377,0.00373262399176249,0.0350523425433328,0,0.00141582289342715,4.2903724043247e-05,0,0.959756306847434,0.00377552771580573
25386,0.00116109217573692,0.0252069365893854,0,0.000262182104198659,0,0,0.973369789130679,0.00116109217573692
25394,0.0382077479778629,0.000638569604086846,0,0.000532141336739038,0,0,0.960621541081311,0.0382077479778629
25398,0.000441696113074205,0.0800942285041225,0,0.000441696113074205,0,0,0.919022379269729,0.000441696113074205
25402,0.0010005387516355,0.00577233895174325,0,0.000846609712922343,0,0,0.992380512583699,0.0010005387516355
25426,0,0.00720396217919856,0,0,0,0,0.992796037820801,0
25430,0.00636373967109856,0.0022889981980227,0,0.00120131820321758,1.62340297732106e-05,0,0.990129709897888,0.00637997370087177
25436,0.0616890507625768,0.00728431595720464,0,0,0,0,0.931026633280219,0.0616890507625768
25438,0.00179249261914804,0.0233024040489245,0,0.000738085196119781,0.000105440742302826,0,0.974061577393505,0.00189793336145086
25473,0.00581907398087569,0.00155699547055863,0,0.000408907901358832,9.43633618520382e-05,0,0.992120659285355,0.00591343734272773
25486,0.00198323266925088,0.0361489227440728,0,9.01469395114036e-05,0,0,0.961777697647165,0.00198323266925088
25488,0.00892857142857143,0.0425337457817773,0,0.0015466816647919,0,7.03037120359955e-05,0.946920697412823,0.00892857142857143
25489,0.00710900473933649,0.112650382792563,0,0.030987969376595,0,0,0.849252643091506,0.00710900473933649
25491,0.00226287007354328,0.00528003017160098,0,0,0.000377145012257213,0,0.992079954742599,0.00264001508580049
25506,0.047392110140323,0.0052952078369076,0,0.00105904156738152,0,0,0.946253640455388,0.047392110140323
25513,0.00157473956230316,0.0176451586852944,0,0.000686424937414197,0,0,0.980093676814988,0.00157473956230316
25524,0.000934579439252336,0.00429906542056075,0,0,0,0,0.994766355140187,0.000934579439252336
25530,0.0423098125689085,0.0409316427783903,0,0.00179162072767365,0,0,0.914966923925028,0.0423098125689085
25535,0.000367782272894446,0.0117690327326223,0,0,0,0,0.987863184994483,0.000367782272894446
25572,0.0034127452910678,0.00807245520771806,0,0.000590667454223272,0,0,0.987924132046991,0.0034127452910678
25580,0.00352485019386676,0.00422982023264011,0,0,0,0,0.992245329573493,0.00352485019386676
25594,0.00124358775066066,0.0309342452976838,0,0.000155448468832582,0,0,0.967666718482823,0.00124358775066066
25596,0.00595690747782003,0.0100126742712294,0,0.00139416983523447,0.000253485424588086,0,0.982382762991128,0.00621039290240811
25599,0.00314547837483617,0.0461336828309305,0,0.000524246395806029,0,0,0.950196592398427,0.00314547837483617
25645,0.0002940599882376,0.00676337972946481,0,9.80199960792002e-05,0,0,0.992844540286218,0.0002940599882376
25658,0.0101380236961036,0.079149871747893,0,0.000855014046659338,0.000122144863808477,0,0.909734945645536,0.0102601685599121
25718,0.00201045436268597,0.00281463610776035,0,0.000402090872537193,0,0,0.994772818657016,0.00201045436268597
25736,0.00113507377979569,0.00691363120421009,0,0.00619131152615829,0,0,0.985759983489836,0.00113507377979569
25740,0.00134762240903549,0.0207918885965475,0,0.000449207469678496,0,0,0.977411281524739,0.00134762240903549
25743,0.000958221540820238,0.0335377539287083,0,0.000431199693369107,0,0,0.965072824837102,0.000958221540820238
25745,0.00350294985250737,0.00285766961651917,0,0.000184365781710914,0,0,0.993455014749263,0.00350294985250737
25754,0.013351912527147,0.0384513990886152,0,0.0018353230645627,9.79173728015667e-05,0,0.946263447946874,0.0134498298999485
25758,0.00280765204149615,0.0507280860378795,0,0.00280765204149615,0,0,0.943656609879128,0.00280765204149615
25769,0.00107924761023743,0.00300647548566142,0,0.000539623805118717,0,0,0.995374653098982,0.00107924761023743
25772,0.00135859849839113,0.00943868430461208,0,0.000214515552377547,0,0,0.988988201644619,0.00135859849839113
25781,0.018267784225231,0.00107457554266065,0,0.0186976144422953,0,0,0.961960025789813,0.018267784225231
25785,0.00386212223616877,0.0653664188471565,0,0.000772424447233755,0,0,0.929999034469441,0.00386212223616877
25793,0.00224422442244224,0.00844884488448845,0,0.000396039603960396,0.000132013201320132,0,0.988778877887789,0.00237623762376238
25797,0.00254384790467265,0.0239657249966528,0,0.00133886731824876,0,0,0.972151559780426,0.00254384790467265
25799,0.000903233576202806,0.0390799060637081,0,0.000662371289215391,0,0,0.959354489070874,0.000903233576202806
25805,0.000851426138782461,0.0223499361430396,0,0.000212856534695615,0,0,0.976585781183482,0.000851426138782461
25815,0.000309616694532169,0.0622948789398724,0,0.000185770016719302,0,0,0.937209734348876,0.000309616694532169
25817,0.00304407656061048,0.00337767399191026,0,0.000458696468037196,0,0,0.993119552979442,0.00304407656061048
25839,0.116355748373102,0.0236876355748373,0,0.0006941431670282,0,0,0.859262472885033,0.116355748373102
25841,0.000448296473401076,0.00523012552301255,0,0.000149432157800359,0.000149432157800359,0,0.994022713687986,0.000597728631201434
25843,0.00640614990390775,0.0041182392239407,0,0.00744333607882615,6.10109514657881e-05,0,0.98197126384186,0.00646716085537354
25845,0.000381873727087576,0.0409877800407332,0,0,0,0,0.958630346232179,0.000381873727087576
25862,0.0106281509742472,0.00694917563700777,0,0.000408775037471045,0,0,0.982013898351274,0.0106281509742472
25873,0.000184991058765493,0.0205956712092249,0,0,0,0,0.97921933773201,0.000184991058765493
25875,0.0238357324301439,0.0174851820491109,0,0.000211685012701101,4.23370025402202e-05,0,0.958425063505504,0.0238780694326842
25878,0.00367168974221678,0.0157576684770137,0,0.00198883194370076,0.000152987072592366,0,0.978428822764476,0.00382467681480915
25885,0.00284090909090909,0.0152777777777778,0,0.000441919191919192,0,0,0.981439393939394,0.00284090909090909
25898,0.00264442636289666,0.0386493083807974,0,0.00081366965012205,0,0,0.957892595606184,0.00264442636289666
25899,0.00493812351306503,0.00316879585757412,0,0.00608768667906196,0.000139946820208321,9.99620144345149e-06,0.985655450928647,0.00507807033327336
27001,0.916285591224421,0.0385352040395524,0,0.0137828648931003,0.00019244691672547,9.16413889168904e-06,0.0311947287873095,0.916478038141146
27006,0.832911670883291,0.044769552304477,0,0.014409855901441,0.000109998900011,0,0.10779892201078,0.833021669783302
27050,0.661000944287063,0.328611898016997,0,0.0028328611898017,0,0,0.00755429650613787,0.661000944287063
27160,0.786964837428277,0.174047373841401,0,0.0295718699426217,0,0,0.00941591878770046,0.786964837428277
27205,0.92413737504031,0.0335375685262818,0,0.00249919380844889,8.06191551112544e-05,0,0.0397452434698484,0.924217994195421
27361,0.860053940665268,0.0555674472366112,0,0.0453786549081724,0.000128430155400488,0,0.0388715270345477,0.860182370820669
27787,0.838616714697406,0.0195464227540408,0,0.098797143215136,6.2648790878336e-05,0,0.0429770705425385,0.838679363488285
27810,0.619201146337095,0.329213684399069,0,0.00214938205265986,0.000179115171054988,0,0.0492566720401218,0.61938026150815
41001,0.00772836248779065,0.0064566869204521,0,0.00271142795529791,6.02539545621757e-05,0,0.983043268681897,0.00778861644235282
41006,0.146144301988946,0.0317329022070158,0,0.00665488588938602,3.75982253637628e-05,0,0.815430311689288,0.14618190021431
41013,0.00141860740040194,0.00366473578437167,0,0.00200969381723608,0,0,0.99290696299799,0.00141860740040194
41016,0.00155560016057808,0.0503311922922521,0,0.000551987153753513,5.01806503412284e-05,0,0.947511039743075,0.00160578081091931
41020,0.000650646308666609,0.0931725514010584,0,0.00021688210288887,0,0,0.905959920187386,0.000650646308666609
41026,0.00193959545580493,0.00166251039068994,0,0.000831255195344971,0,0,0.99556663895816,0.00193959545580493
41078,0.0282498851630684,0.0215893431327515,0,0.000229673863114378,0,0.000229673863114378,0.949701423977951,0.0282498851630684
41132,0.0234260614934114,0.0431450733622006,0,0.000965702003052864,0,0,0.932463163141335,0.0234260614934114
41206,0.000809435707678076,0.0224329324699352,0,0,0,0,0.976757631822387,0.000809435707678076
41244,0.000897666068222621,0.00119688809096349,0,0.000598444045481747,0,0,0.997307001795332,0.000897666068222621
41298,0.00389199361313869,0.00250912408759124,0,0.000570255474452555,0,1.42563868613139e-05,0.993014370437956,0.00389199361313869
41306,0.000638886917015688,0.0830552992120395,0,0.0294597856179456,0,0,0.886846028252999,0.000638886917015688
41349,0.00506057353166692,0.0800490722281859,0,0.000306701426161632,0,0,0.914583652813986,0.00506057353166692
41357,0.00432291143058209,0.00241278777520861,0,0.163365838946416,0,0,0.829898461847793,0.00432291143058209
41359,0.00105236571813437,0.00808216871527193,0,0.0181006903519111,0,0,0.972764775214683,0.00105236571813437
41378,0.00325509679629947,0.000256981326023642,0,0.0555936268631146,0,0,0.940894295014562,0.00325509679629947
41396,0.00390112085862719,0.017983215665379,1.90298578469619e-05,0.0415802393956117,0,0,0.936516394222535,0.00392015071647415
41518,0.00115696104897802,0.0231392209795604,0,0.00790590050134979,0,0,0.967797917470112,0.00115696104897802
41524,0.000696429880507294,0.0495564841287296,0,0.00018327102118613,0,0,0.949563814969577,0.000696429880507294
41530,0.00662251655629139,0.00623295675886249,0,0.0605765485001948,0,0,0.926567978184651,0.00662251655629139
41548,0.00366872219186636,0.00241979548825228,0,0.0031223167590352,7.80579189758801e-05,0,0.99071110764187,0.00374678011084225
41551,0.022576915977734,0.00945238349670187,0,0.00807289895761485,2.91440395581764e-05,0,0.959868657528391,0.0226060600172921
41615,0.00342260117689444,0.0185541011168488,0,0.00234177975261199,0,0,0.975681517953645,0.00342260117689444
41668,0.00569042728711404,0.0102360348833294,0,0.0176773628741708,3.3671167379373e-05,0,0.966362503788006,0.00572409845449342
41676,0.0311058777352566,0.00441566087724463,0,0.0507310371896772,0,0,0.913747424197822,0.0311058777352566
41770,0.000820961893685435,0.0104672641444893,0,0.00102620236710679,0,0,0.987685571594718,0.000820961893685435
41797,0.00339174674957603,0.01368004522329,0,0.00904465799886942,0,0,0.973883550028265,0.00339174674957603
41799,0.000743660295976798,0.0165836246002826,0,0.00133858853275824,0,0,0.981334126570982,0.000743660295976798
41801,0.0125640400097585,0.00451329592583557,0,0.00195169553549646,0,0,0.98097096852891,0.0125640400097585
41807,0.0109162581492899,0.014403396169202,0,0.00742912012937787,0,0,0.96725122555213,0.0109162581492899
41872,0.00396499863275909,0.000273448181569593,0,0.0232430954334154,0,0,0.972518457752256,0.00396499863275909
41885,0.000509229789942712,0.00241884150222788,0,0,0,0,0.997071928707829,0.000509229789942712
44001,0.264625452569532,0.0651936377435607,0,0.189993562143039,0.000218532759241869,0,0.479968814784627,0.264843985328774
44035,0.199135313191621,0.0892995007463071,0,0.287817180503371,0.000102938905759432,0,0.423645066652941,0.19923825209738
44078,0.077129468672058,0.0213513717783992,0,0.319325825712342,0.000151160154183357,0,0.582042173683017,0.0772806288262414
44090,0.142545454545455,0.0460909090909091,0,0.240318181818182,9.09090909090909e-05,0,0.570954545454545,0.142636363636364
44098,0.110454961324129,0.0274473924977127,0,0.409465191715878,8.31739166597355e-05,0,0.452549280545621,0.110538135240788
44110,0.156411652600054,0.0181050912060986,0,0.183637353661857,0,0,0.64184590253199,0.156411652600054
44279,0.0317324504296715,0.0180796845355456,0,0.176593132695956,0.000111602990960158,0,0.773483129347867,0.0318440534206317
44378,0.2985266288186,0.0406866720735334,0,0.366720735333874,0.000202757502027575,0,0.293863206271965,0.298729386320627
44420,0.273060029282577,0.0109809663250366,0,0.18411420204978,0,0,0.531844802342606,0.273060029282577
44430,0.167875567278228,0.0157092432411466,0,0.394864435049067,0.000126061828478337,0,0.42142469260308,0.168001629106706
44560,0.0882644579894427,0.177885036017382,0,0.67922657411998,0.000452040012832104,0,0.0541718918603634,0.0887164980022748
44650,0.0977245022348639,0.0181836651767574,0,0.238520926452662,0,0,0.645570906135717,0.0977245022348639
44847,0.00185131220323294,0.0486312288941838,0,0.911651267634606,1.71417796595643e-05,8.57088982978213e-06,0.0378404785984881,0.0018684539828925
44855,0.00505576208178439,0.0272118959107807,0,0.335018587360595,0,0,0.63271375464684,0.00505576208178439
44874,0.118449481042152,0.0202923109510697,0,0.192798135988138,4.23639059521288e-05,0,0.668417708112688,0.118491844948104
47030,0.402215299411561,0.0188646590515749,0,0.000259605399792316,8.65351332641052e-05,0,0.578573901003808,0.402301834544825
47053,0.123307280483266,0.0117380972830599,0,0.0373615047668127,2.86295055684388e-05,0,0.827564487961293,0.123335909988834
47058,0.00039256739073541,0.0759290761580738,0,0.000130855796911803,3.27139492279508e-05,0,0.923514786705051,0.00042528133996336
47161,0.000620501365103003,0.0103003226607099,0,0.000372300819061802,0,0,0.988706875155125,0.000620501365103003
47170,0.0216006992133849,0.00143588462979148,0,6.24297665126732e-05,0,0,0.976900986390311,0.0216006992133849
47189,0.137422206366195,0.0101082173861339,0,0.00694692194870575,0.000346850596583026,0,0.845175803702382,0.137769056962778
47205,0.0149163475105825,0.00191493650473695,0,0.000302358395484781,0.00010078613182826,0,0.982765571457367,0.0150171336424108
47245,0.212292693859256,0.0112617660242044,0,0.000728372926938593,0.000317495891229643,0,0.775399671298371,0.212610189750486
47258,0.0308678973867178,0.0171421721409734,0,0.000179812994485735,0,0,0.951810117477823,0.0308678973867178
47268,0.37709724710865,0.00336645490579356,0,0.00152033447358419,0.000162892979312592,0,0.61785307053266,0.377260140087962
47288,0.0683693656762971,0.00449141818311441,1.78230880282318e-05,0.0322063200670148,3.56461760564635e-05,0,0.894879426809489,0.0684228349403818
47318,0.101484555830473,0.00654481602681778,0,0.000438981562774363,0.000119722244393008,0,0.891411924335542,0.101604278074866
47541,0.637635092180547,0.00495867768595041,0,0.000127145581691036,0.000508582326764145,0,0.356770502225048,0.638143674507311
47545,0.0044043321299639,0.0157400722021661,0,0.000577617328519856,0,0,0.97927797833935,0.0044043321299639
47551,0.00624664348907544,0.0020351055711015,0,0.000169592130925125,0,0,0.991548658808898,0.00624664348907544
47555,0.00582845924168678,0.00267904617775778,0,0.000858930835616999,0,0,0.990633563744938,0.00582845924168678
47570,0.0849788859843153,0.0122260205107581,0,0.000160868690931028,0,0,0.902634224813996,0.0849788859843153
47605,0.00548469387755102,0.00357142857142857,0,0.000637755102040816,0,0,0.99030612244898,0.00548469387755102
47660,0.00299588936110918,0.0236187556608375,0,0.063401379502543,0.00013934369121438,0,0.909844631784296,0.00313523305232356
47692,0.0631647364689199,0.0112857480501064,0,0,0,0,0.925549515480974,0.0631647364689199
47703,0.0288032918047777,0.00377185964110184,0,0.000685792662018516,0.000685792662018516,0,0.966053263230083,0.0294890844667962
47707,0.00521015761821366,0.0233800350262697,0,0.000656742556917688,8.75656742556918e-05,0,0.970665499124343,0.00529772329246935
47745,0.0401090488105464,0.0281958397131867,0,0.000186727415319117,0,0,0.931508384060948,0.0401090488105464
47798,0.219917012448133,0.00284761207387519,0,0.000406801724839313,0.000162720689935725,0,0.776665853063217,0.220079733138069
47960,0.00708884688090737,0.00236294896030246,0,0.000118147448015123,0.000236294896030246,0,0.990193761814745,0.00732514177693762
47980,0.250177292390611,0.00340401389972342,0,0.00124104673427416,3.5458478122119e-05,0,0.74514218849727,0.250212750868733
50001,0.0238642546422965,0.00266836053325558,0,0.00386326539644028,0.000111940978468283,5.20655713805967e-06,0.969486971892401,0.0239761956207648
50006,0.00969809873431593,0.0208573046225778,0,0.000803608934670246,9.13191971216189e-05,0,0.968549668511314,0.00978941793143755
50110,0.0188737623762376,0.00278465346534653,0,0.00618811881188119,0.000309405940594059,0,0.971844059405941,0.0191831683168317
50124,0.0322404371584699,0.00300546448087432,0,0.0120218579234973,0,0,0.952732240437158,0.0322404371584699
50150,0.0111600992008818,0.00537338109672086,0,0.000275558004960044,0,0,0.983190961697437,0.0111600992008818
50223,0.00193274062620796,0.0119829918824894,0,0.00193274062620796,0,0,0.984151526865095,0.00193274062620796
50226,0.0343272814716845,0.0238066610556691,0,0.00138271011181917,0,0,0.940483347360827,0.0343272814716845
50245,0.00310283687943262,0.00620567375886525,0,0,0,0,0.990691489361702,0.00310283687943262
50251,0.00700053850296177,0.00448752468138575,0,0.00125650691078801,0,0,0.987255429904864,0.00700053850296177
50287,0.0120050170220391,0.00188138326464791,0,0.00134384518903422,0,0,0.984769754524279,0.0120050170220391
50313,0.0229950626512186,0.00269488758187934,0,0.00373743533253339,0.000216377835041407,0,0.970356236599327,0.02321144048626
50318,0.00738833538564872,0.000671666853240793,0,0.00123138923094145,0.000111944475540132,0,0.990596664054629,0.00750027986118885
50325,0.0889145496535797,0.297921478060046,0,0.00808314087759815,0,0,0.605080831408776,0.0889145496535797
50330,0.0688475518494762,0.0145392345520633,0,0.0474663245670301,0.00021381227282446,0,0.868933076758606,0.0690613641223006
50400,0.281487185128149,0.016719832801672,0,0.004509954900451,0.000109998900011,0,0.697173028269717,0.28159718402816
50450,0.0550230741924033,0.264229085315347,0,0.0338421488581233,0,0,0.646905691634126,0.0550230741924033
50568,0.0081421647819063,0.067140549273021,0,0.351470113085622,0.00012924071082391,6.46203554119548e-05,0.573053311793215,0.00827140549273021
50573,0.0129659083050965,0.0230274531498513,0,0.0281446649609294,0.000103727266440772,0,0.935758246317682,0.0130696355715372
50577,0.0124740124740125,0.00198450198450198,0,0.00113400113400113,9.45000945000945e-05,0,0.984312984312984,0.0125685125685126
50590,0.0292852185981957,0.0194309507286607,0,0.00541290770298404,0.000138792505204719,0,0.945732130464955,0.0294240111034004
50606,0.0532041139240506,0.00296677215189873,0,0.00306566455696203,0,0,0.940763449367089,0.0532041139240506
50680,0.0936459690259082,0.0028947749312491,0,0.000868432479374729,0,0,0.902590823563468,0.0936459690259082
50683,0.00740740740740741,0.044017094017094,0,0.00256410256410256,0,0,0.946011396011396,0.00740740740740741
50689,0.00162707452001302,0.0326344660871182,0,0.000790293338292037,0,0,0.964948166054577,0.00162707452001302
50711,0.0286198137171888,0.0599491955969517,0,0.00381033022861981,8.46740050804403e-05,0,0.907535986452159,0.0287044877222693
52001,0.0159725514920046,0.0208000083366767,0,0.00747956211605696,1.56312687900877e-05,1.30260573250731e-05,0.955719220729147,0.0159881827607947
52019,0.000516342231631125,0.0199824443641245,0,0.00020653689265245,0,0,0.979294676511592,0.000516342231631125
52022,0.00988200589970501,0.0376106194690266,0,0.685545722713864,0,0,0.266961651917404,0.00988200589970501
52036,0.00397398843930636,0.000963391136801541,0,0.000722543352601156,0,0,0.994340077071291,0.00397398843930636
52051,0.00241870464928783,0.00214995968825585,0,0.000537489922063961,0,0,0.994893845740392,0.00241870464928783
52079,0.764311210999471,0.0238960867265997,0,0.147673188789001,3.30512956107879e-05,0,0.0640864621893178,0.764344262295082
52110,0.0125124887006994,0.0307340977211095,0,0.000666064037299586,0,0,0.956087349540892,0.0125124887006994
52207,0.0017631501616221,0.00558330884513664,0,9.79527867567832e-05,0,0,0.992555588206484,0.0017631501616221
52215,0.00111416474782738,0.00921042858203966,0,0.965832281066627,0,0,0.0238431256035059,0.00111416474782738
52224,0.000123334977799704,0.000370004933399112,0,0.871731623088308,0,0,0.127775037000493,0.000123334977799704
52227,0.000312249085556249,0.0558479793023463,0,0.878267463645285,4.46070122223213e-05,0,0.0655277009545901,0.000356856097778571
52233,0.000651253663301856,0.0359817648974275,0,0.00260501465320742,0,0,0.960761966786063,0.000651253663301856
52240,0.00226700251889169,0.000419815281276238,0,0.00117548278757347,0,0,0.996137699412259,0.00226700251889169
52250,0.750296219852463,0.207392118640829,0,0.0245002484424569,0.000114665749340672,0,0.0176967473149104,0.750410885601804
52254,0.00209486757444262,0.00224450097261709,0,0.000299266796348945,0,0,0.995361364656591,0.00209486757444262
52256,0.00240985362370582,0.00714030703320243,0,8.92538379150304e-05,0,0,0.990360585505177,0.00240985362370582
52258,0.000791936645068395,0.00489560835133189,0,0.168538516918647,0,0,0.825773938084953,0.000791936645068395
52260,0.00202913254583665,0.00130444235089499,0,0.000217407058482499,0,0,0.996449018044786,0.00202913254583665
52287,0.000747719455660236,0.00328996560490504,0,0.139374906535068,0,0,0.856587408404367,0.000747719455660236
52317,0.000120286281349612,0.00156372165754496,0,0.674144463823901,0,0,0.324171528237205,0.000120286281349612
52320,0.257756189282357,0.00407395800689439,0,0.0381541836414917,7.83453462864306e-05,0,0.699937323722971,0.257834534628643
52323,0.00265205091937765,0.0116690240452617,0,0.00176803394625177,0,0,0.983910891089109,0.00265205091937765
52352,0.0001271132579128,0.00648277615355282,0,0.139189017414516,0,0,0.854201093174018,0.0001271132579128
52354,0.00135372952484094,0.00609178286178422,0,0.139434141058616,0,0,0.853120346554758,0.00135372952484094
52356,0.00180221180539753,0.0424429982250944,0,0.265234606107496,2.73062394757202e-05,0.000764574705320166,0.689728302917217,0.00182951804487325
52378,0.00153121987183123,0.00283559235524301,0,0.000510406623943742,0,0,0.995122781148982,0.00153121987183123
52381,0.00143484889247601,0.0063671419603623,0,0.000627746390458255,0,0,0.991570262756703,0.00143484889247601
52385,0.0186789388197076,0.00676773145641581,0,0.00162425554953979,0,0,0.972929074174337,0.0186789388197076
52399,0.00318979266347687,0.0126866753661012,0,0.000833695809772365,0,0,0.98328983616065,0.00318979266347687
52405,0.0114164904862579,0.0306131078224101,0,0.00118393234672304,0,0,0.956786469344609,0.0114164904862579
52411,0.00103932097696172,0.00493677464056816,0,8.66100814134765e-05,0,0,0.993937294301057,0.00103932097696172
52418,0.00329522528581036,0.00759919300605245,0,0.00813718897108272,6.72494956287828e-05,0,0.980901143241426,0.00336247478143914
52435,0.00252494889984369,0.00108212095707587,0,0.860406396537213,0,0,0.135986533605867,0.00252494889984369
52490,0.835261707988981,0.11900826446281,0,0.0330578512396694,0.000257116620752984,0,0.012415059687787,0.835518824609734
52506,0,0.000850236851694401,0,0.00898821814648366,0,0,0.990161545001822,0
52520,0.900384512206027,0.0449789859608334,0,0.00375570061700796,0.000178842886524188,0,0.0507019583296074,0.900563355092551
52540,0.0125535823637477,0.00632782200449071,0,0.00285772606654419,0,0,0.978260869565217,0.0125535823637477
52560,0.000306748466257669,0.0226226993865031,0,0.154141104294479,0,0,0.822929447852761,0.000306748466257669
52573,0.000677966101694915,0.0145762711864407,0,0.00259887005649718,0,0,0.982146892655367,0.000677966101694915
52585,0.000705946239478686,0.0049416236763508,0,0.045017648655987,0,0,0.949334781428184,0.000705946239478686
52612,0.0102256459199673,0.00436294225918604,0,0.716613266071307,0,0,0.26879814574954,0.0102256459199673
52678,0.017322771643463,0.0971555448871819,0,0.00260041606657065,2.00032005120819e-05,0,0.882901264202272,0.017342774843975
52683,0.00171082995146017,0.0250656481260444,0,0.00023872045834328,0,0,0.972984801464152,0.00171082995146017
52685,0.000621246634914061,0.0265755504935459,0,0,0,0,0.97280320287154,0.000621246634914061
52687,0.0074877916440586,0.00189907759088443,0,0.00010851871947911,0,0,0.990504612045578,0.0074877916440586
52693,0.00207607822126976,0.00622823466380927,0,0.00140637556924725,0,0,0.990289311545674,0.00207607822126976
52694,0.00042571306939123,0.011636157230027,0,0.000141904356463743,0,0,0.987796225344118,0.00042571306939123
52699,0.002845456162191,0.08536368486573,0,0.592032722745865,0,0,0.319758136226214,0.002845456162191
52720,0.000949925363007192,0.000407110869860225,0,0.163115755190664,0,0,0.835527208576469,0.000949925363007192
52786,0.0545695516883716,0.000172870807882909,0,0.000403365218393454,0,0,0.944854212285352,0.0545695516883716
52788,0.000562218890554723,0.00299850074962519,0,0.0029047976011994,0,0,0.993534482758621,0.000562218890554723
52835,0.801431658730208,0.0971942708881609,6.19229554588181e-06,0.0459406406548972,0.0004086915060282,6.19229554588181e-06,0.055012353629614,0.801846542531782
52838,0.00235408324232496,0.00878534158475913,0,0.304938721029001,2.4268899405412e-05,0,0.683897585244509,0.00237835214173037
52885,0.00239712345185777,0.00579304834198961,0,9.98801438274071e-05,9.98801438274071e-05,0,0.991610067918498,0.00249700359568518
54001,0.0101854176379873,0.00390577634776609,5.12344951609019e-06,0.00854932942584917,0.000134917503923708,0.000269835007847417,0.97694960062711,0.0103254585914271
54003,0.0344409184244913,0.0812955012133657,0,0,0,0,0.884263580362143,0.0344409184244913
54099,0.000152485513876182,0.00472705093016163,0,0,0,0,0.995120463555962,0.000152485513876182
54172,0.00339305103148751,0.11129207383279,0,0,0.000135722041259501,0,0.885179153094462,0.00352877307274701
54206,0.000499357968326437,0.0306748466257669,0,0.0201883292909117,0,0,0.948637466114995,0.000499357968326437
54245,0.000765957446808511,0.00978723404255319,0,0.00919148936170213,0,0,0.980255319148936,0.000765957446808511
54261,0.00128414086037438,0.010273126882995,0,0.000493900330913222,0,0,0.987948831925717,0.00128414086037438
54377,0.00121191135734072,0,0,0,0,0,0.998788088642659,0.00121191135734072
54385,0.188079713472312,0.00339792451097438,0,9.18357975939021e-05,9.18357975939021e-05,0,0.808338690421526,0.188171549269905
54398,0.00034447123665174,0.00533930416810196,0,0,0,0,0.994316224595246,0.00034447123665174
54405,0.0040628104565472,0.00937115404575851,0,8.89666523331505e-05,0,0.000118622203110867,0.98635844664225,0.0040628104565472
54480,0.00207954250064986,0,0,0.00155965687548739,0,0,0.996360800623863,0.00207954250064986
54498,0.103712918022591,0.0110065861812366,0,5.55327254350989e-05,2.22130901740396e-05,0,0.885202749980564,0.103735131112765
54518,0.00646466173940986,0.00111524866264673,0,0.000699393229117441,1.89025197058768e-05,0,0.99170179384912,0.00648356425911574
54520,0.000419551080344032,0.000629326620516048,0,0,0,0,0.99895112229914,0.000419551080344032
54553,0.0285996055226824,0.0124506903353057,0,0.0002465483234714,0,0,0.95870315581854,0.0285996055226824
54660,0.000431406384814495,0.0142364106988783,0,0,0,0,0.985332182916307,0.000431406384814495
54673,0.00378534847472723,0.00445335114673792,0,0,0,0,0.991761300378535,0.00378534847472723
54720,0.000308880308880309,0.00355212355212355,0,0,0,0,0.996138996138996,0.000308880308880309
54800,0.000392362019356526,0.0166753858226524,0,0.0219068794140727,0,0,0.961025372743918,0.000392362019356526
54810,0.0151036295285938,0.0266475930669683,0,0.0166672211317742,0.000166339532253235,0,0.941415216740411,0.015269969060847
54874,0.0114014659027589,0.00150019288194196,0,0.00131445471560629,2.85751025131803e-05,0.000300038576388393,0.985455272820791,0.0114300410052721
63001,0.0336605839148268,0.00158122198008614,0,0.00573789136161189,4.40247419049506e-05,0.000128405497222773,0.958847872504347,0.0337046086567317
63111,0.0145565335138795,0.0023696682464455,0,0.0023696682464455,0,0,0.98070412999323,0.0145565335138795
63130,0.0138817121709378,0.000628447734096781,0,0.00166189511905593,2.79310104043014e-05,0,0.983800013965505,0.0139096431813421
63190,0.00494289458902827,0.00116083130499906,0,0.00224677026774012,0,0,0.991649503838233,0.00494289458902827
63272,0.00215827338129496,0.00503597122302158,0,7.99360511590727e-05,0.000239808153477218,0,0.992486011191047,0.00239808153477218
63302,0.00365866781448402,0.00699451199827827,0,0.000968470892069299,0,0,0.988378349295168,0.00365866781448402
63401,0.0191767436179309,0.00207646268474411,0,0.0030230853792598,0.000122144863808477,0,0.975601563454257,0.0192988884817393
63470,0.0277935630521258,0.00242806219972103,0,0.00402955003357958,5.16608978664049e-05,2.58304489332025e-05,0.965671333367774,0.0278452239499923
63548,0.00327051861080829,0.00404921351814359,0,0.000934433888802367,0.000311477962934122,0,0.991434356019312,0.00358199657374241
63594,0.0129373177842566,0.00115403304178814,0,0.00242954324586978,3.03692905733722e-05,3.03692905733722e-05,0.983418367346939,0.0129676870748299
63690,0.016426224825025,0.00428510212826739,0,0.00228538780174261,0,0,0.977003285244965,0.016426224825025
66001,0.0568933561781334,0.00234361504955672,2.3342779378055e-06,0.00727127577626413,8.40340057609979e-05,2.3342779378055e-06,0.933403050434409,0.0569797244618322
66075,0.0240092090116757,0.00427561256372307,0,0.00493339911198816,0,0,0.966781779312613,0.0240092090116757
66088,0.023643949930459,0.0021426154944931,0,0.014847949479382,3.75897455174228e-05,0,0.959327895350149,0.0236815396759764
66170,0.0502905703018703,0.00156239190092936,0,0.00194290062956899,8.07139727417384e-05,0,0.94612342319489,0.050371284274612
66318,0.10164216660045,0.0190041054165011,0,0.133690901867302,6.62163951794464e-05,0,0.745596609720567,0.10170838299563
66383,0.0116195495927168,0.00335409678965022,0,0.00347388596070915,0,0,0.981552467656924,0.0116195495927168
66400,0.0978235587306862,0.00229273965775046,0,0.00202691476989533,0,0,0.897856786841668,0.0978235587306862
66440,0.00430305081467872,0.00328772421795678,0,0.0374703863075956,0,0,0.954938838659769,0.00430305081467872
66456,0.0061907059012703,0.0611030712333173,0,0.271506673098569,0,0,0.661199549766844,0.0061907059012703
66572,0.140958377054914,0.0648828261629941,0,0.337618048268625,0,0,0.456540748513466,0.140958377054914
66594,0.000562570321290161,0.0139079884985623,0,0.329478684835604,0,0,0.656050756344543,0.000562570321290161
66682,0.0165702418038867,0.00106809078771696,0,0.00161697077584928,4.45037828215398e-05,1.48345942738466e-05,0.980685358255452,0.0166147455867082
66687,0.0295195439739414,0.00176438653637351,0,0.00590390879478827,0,0,0.962812160694897,0.0295195439739414
68001,0.0286693154585639,0.00238469714738448,0,0.00213955969391157,0.000435364117367891,8.82494832502481e-05,0.966282814099522,0.0291046795759318
68051,0.00024140012070006,0.00144840072420036,0,0,0.00012070006035003,0,0.99818949909475,0.000362100181050091
68077,0.000271654765600745,0.00966314809065508,0,3.88078236572493e-05,7.76156473144986e-05,0,0.989948773672772,0.000349270412915244
68079,0.000991080277502478,0.00722072773608948,0,0.0126008778139601,0,0,0.979187314172448,0.000991080277502478
68081,0.162115412335634,0.00123858182381174,0,0.00176177587007704,0.000218887305070177,5.3387147578092e-06,0.834660003950649,0.162334299640705
68092,0.001906941266209,0.0150648360030511,0,0.0017162471395881,0,0,0.981311975591152,0.001906941266209
68147,0.0011690046760187,0.0011690046760187,0,0.000167000668002672,0,0,0.99749498997996,0.0011690046760187
68162,0.000161629222563439,0.0486503959915953,0,0.0210117989332471,0,0,0.930176175852594,0.000161629222563439
68167,0.0205953772821297,0.000719489162694487,0,0.00134904218005216,8.99361453368109e-05,0,0.977246155229787,0.0206853134274665
68190,0.0841115676752584,0.00420246544639522,0,0.000560328726186029,6.22587473540032e-05,0,0.911063379404806,0.0841738264226124
68209,0.0077634011090573,0.0044362292051756,0,0,0,0,0.987800369685767,0.0077634011090573
68217,0.104909983633388,0.00376432078559738,0,0,0,0,0.891325695581015,0.104909983633388
68229,0.000881600987393106,0.00114608128361104,0,0,0,0,0.997972317728996,0.000881600987393106
68235,0.00132574711373805,0.0371761586477379,0,0,0,0,0.961498094238524,0.00132574711373805
68250,0.119700292397661,0.000913742690058479,0,0.000730994152046784,0,0,0.878654970760234,0.119700292397661
68255,0.0047360248447205,0.00186335403726708,0,0,0,0,0.993400621118012,0.0047360248447205
68264,0.000749625187406297,0.00787106446776612,0,0,0,0,0.991379310344828,0.000749625187406297
68276,0.0051411641686999,0.00131895814189296,0,0.00023765011565639,4.35691878703381e-05,1.98041763046991e-05,0.993238854209576,0.00518473335657023
68307,0.00324648973297622,0.00922298219595517,0,0.000332027359054386,1.47567715135283e-05,0.000649297946595244,0.986534445993905,0.00326124650448975
68320,0.152169898430286,0.0012927054478301,0,0,0,0,0.846537396121884,0.152169898430286
68324,0.000233481204763017,0.0028017744571562,0,0,0,0,0.996964744338081,0.000233481204763017
68327,0.0019047619047619,0.00214285714285714,0,0,0,0,0.995952380952381,0.0019047619047619
68377,0.00789704591985961,0.00146241591108511,0,0.000292483182217023,0,0,0.990348054986838,0.00789704591985961
68385,0.0435212660731949,0.0152933120292171,0,0.000760861294985924,0.000152172258997185,0,0.940272388343605,0.043673438332192
68406,0.00151691195455719,0.00526077975729409,0,0.00032274722437387,3.2274722437387e-05,0,0.992867286341337,0.00154918667699458
68418,0.00131901262483512,0.00292067081213492,0,0,0.000188430374976446,0,0.995571886188053,0.00150744299981157
68432,0.00201854882705947,0.00561920349154392,0,0,0,0,0.992362247681397,0.00201854882705947
68464,0.0137872819358469,0.00112549240292628,0,0,9.379103357719e-05,0,0.98499343462765,0.0138810729694241
68498,0.000820176337912651,0.00266557309821612,0,0,0,0,0.996514250563871,0.000820176337912651
68500,0.0641701340730467,0.00425335182616736,0,9.2464170134073e-05,0,0,0.931484049930652,0.0641701340730467
68547,0.00974220367107446,0.00265152163128453,0,0.000282258754298031,2.56598867543665e-05,0,0.987298356056589,0.00976786355782883
68572,0.00807414168363407,0.00365091623955627,0,0.000140419855367549,0,0,0.988134522221442,0.00807414168363407
68573,0.18941504178273,0.00324976787372331,0,0.000154750851129681,0,0,0.807180439492417,0.18941504178273
68575,0.0110438534355078,0.0256616652714277,0,0.000289780410844227,3.21978234271363e-05,0,0.962972503058793,0.0110760512589349
68615,0.0146443514644351,0.0162133891213389,0,0.000224148236700538,0.000149432157800359,0,0.968768679019725,0.0147937836222355
68655,0.0338852324146442,0.0101295763060469,0,0.00200534759358289,5.14191690662279e-05,0,0.95392842451666,0.0339366515837104
68669,0.000738396624472574,0.00559071729957806,0,0,0,0,0.993670886075949,0.000738396624472574
68679,0.000791968507605227,0,0,0.000163052339801076,0,0,0.999044979152594,0.000791968507605227
68682,0.00314465408805031,0.0296995108315863,0,0,0,0,0.967155835080363,0.00314465408805031
68684,0.000422743606002959,0.00634115409004439,0,0,0,0,0.993236102303953,0.000422743606002959
68686,0.000385802469135802,0.00154320987654321,0,0,0,0,0.998070987654321,0.000385802469135802
68689,0.00064093433983763,0.00163794331291839,0,7.12149266486255e-05,0,0,0.997649907420595,0.00064093433983763
68720,0.00115500115500116,0.00462000462000462,0,0,0,0,0.994224994224994,0.00115500115500116
68745,0.00560384263494968,0.00800548947849954,0,0,0,0,0.986390667886551,0.00560384263494968
68755,0.00239933235969122,0.00340774740941651,0,3.47729327491481e-05,0,0,0.994158147298143,0.00239933235969122
68770,0.000902798675895275,0.00922860868692948,0,0.000802487711906911,0,0,0.989066104925268,0.000902798675895275
68773,0.0051122471660369,0.00411202489442098,0,0.000333407423871972,0,0,0.99044232051567,0.0051122471660369
68780,0.000841514726507714,0.0230014025245442,0,0,0,0,0.976157082748948,0.000841514726507714
68820,0.000300706660652533,0.00751766651631334,0,0.00240565328522027,0,0,0.989775973537814,0.000300706660652533
68855,0.00983864620228257,0.00472255017709563,0,0.00196772924045651,0,0,0.983471074380165,0.00983864620228257
68861,0.00109005969374513,0.0051907604464054,0,0.000207630417856216,0,0,0.993511549441993,0.00109005969374513
68872,0.00102820211515864,0.0123384253819036,0,0,0,0,0.986633372502938,0.00102820211515864
68895,0.000324149108589951,0.00205294435440303,0,0.000108049702863317,0.000108049702863317,0,0.99740680713128,0.000432198811453269
70001,0.093272235830729,0.00333220711208717,0,0.144699721260242,0.000232283132021286,7.17966044429428e-05,0.758391756060478,0.0935045189627502
70110,0.0120251741964486,0.00730501236232861,0,0.000112384805574286,0.000224769611148573,0,0.9803326590245,0.0122499438075972
70124,0.0448905109489051,0.00474452554744526,0,0.00383211678832117,0.000182481751824818,0,0.946350364963504,0.0450729927007299
70204,0.0013304506901713,0.0231165807417263,0,0.0322634292366539,0.000166306336271412,0,0.943123232995177,0.00149675702644271
70215,0.0416230366492147,0.00178010471204188,0,0.00467713787085515,5.23560209424084e-05,0,0.951867364746946,0.0416753926701571
70221,0.274800354924579,0.0409937888198758,0,0.222981366459627,0.00062111801242236,0,0.460603371783496,0.275421472937001
70230,0.00439276485788114,0.00155038759689922,0,0.00180878552971576,0,0,0.992248062015504,0.00439276485788114
70233,0.103436060928091,0.00791120557326721,0,0.000472310780493565,0,0,0.888180422718149,0.103436060928091
70235,0.0055648947887079,0.00127528838907889,0,0.000405773578343284,0,0,0.99275404324387,0.0055648947887079
70265,0.00736074270557029,0.0244694960212202,0,0,0,0,0.96816976127321,0.00736074270557029
70400,0.0059344294192042,0.000778285825469404,0,0.00282128611732659,0.000194571456367351,0,0.990271427181632,0.00612900087557155
70418,0.00152638464893153,0.0122110771914522,0,0.00812254688181422,0,0,0.978139991277802,0.00152638464893153
70429,0.00941915227629513,0.00253099670009291,0,0.000544644859513664,0.000128151731650274,0,0.987377054432448,0.00954730400794541
70473,0.0649249061326658,0.00140801001251564,0,0.00461514392991239,0.000312891113892365,0,0.928739048811014,0.0652377972465582
70508,0.0706534961802345,0.0131867062430052,0,0.000145978297893047,0.000243297163155078,0,0.915770522115712,0.0708967933433896
70523,0.00752274317704689,0.00218684394681596,0,0.837736179146256,8.74737578726382e-05,0,0.152466759972008,0.00761021693491952
70670,0.00338043779440288,0.00108063175394846,0,0.537101690218897,2.7708506511499e-05,0.00113604876697146,0.457273482959269,0.00340814630091438
70678,0.69923380131981,0.00225873599362239,0,0.0373355773063466,0.000132866823154258,0,0.261039018557066,0.699366668142965
70702,0.00450266066311912,0.000573065902578797,0,0,0,0,0.994924273434302,0.00450266066311912
70708,0.146793547361729,0.00224491417673236,0,0.153349491417673,0.000218531468531469,1.98664971392244e-05,0.697373649078195,0.147012078830261
70713,0.937182518829918,0.00667805219828341,0,0.0223331581713085,0.000197057277982133,0,0.0336092135225083,0.9373795761079
70717,0.0138794645611005,0.0104250200481155,0,6.16865091604466e-05,0,0,0.975633828881624,0.0138794645611005
70742,0.0656778267447214,0.0494310333486812,0,6.57764914819444e-05,0,0,0.884825363415115,0.0656778267447214
70771,0.00101307791490146,0.00547983053969423,0,0,0,0,0.993507091545404,0.00101307791490146
70820,0.726329720642415,0.00761884322352184,0,0.0482884429659835,0.000107307651035519,0,0.217655685517044,0.726437028293451
70823,0.0479905310163017,0.00242104696831119,0,0.294991122827783,5.38010437402486e-05,0,0.654543498143864,0.048044332060042
73001,0.0114751053012038,0.0140778522188973,0,0.00688142862335082,7.06719488900466e-05,0,0.967494941907658,0.0115457772500939
73024,0.0188309140839545,0.00608081600627697,0,0.00470772852098862,0,0,0.97038054138878,0.0188309140839545
73026,0.00180322326158007,0.00416995379240392,0,0.000225402907697509,0,0,0.993801420038319,0.00180322326158007
73030,0.0252545286262065,0.000264445325928864,0,0.00145444929260875,0.000132222662964432,0,0.972894354092291,0.025386751289171
73043,0.00358380121849241,0.00788436268068331,0,0.000477840162465655,0,0,0.988053995938359,0.00358380121849241
73055,0.00124494242141301,0.00809212573918456,0,0.000233426704014939,7.78089013383131e-05,0,0.990351696234049,0.00132275132275132
73067,0.147398659431854,0.0109798914778168,0,0.0361953399297798,0.0001276731567188,0.0002553463134376,0.805043089690393,0.147526332588573
73124,0.000615353058817497,0.00487154504897185,0,0.000564073637249372,0,0,0.993949028254961,0.000615353058817497
73148,0.000600240096038415,0.00180072028811525,0,0.000480192076830732,0,0,0.997118847539016,0.000600240096038415
73152,0.0123656705432062,0.00132489327248638,0,0.000736051818047991,0,0,0.985573384366259,0.0123656705432062
73168,0.00130180082447386,0.0169234107181601,0,0.0507268387936646,0,0,0.931047949663701,0.00130180082447386
73200,0.000335570469798658,0.00369127516778523,0,0.00156599552572707,0,0,0.994407158836689,0.000335570469798658
73217,0.000576930011178019,0.0131612158799986,0,0.758662964699095,0,0,0.227598889409728,0.000576930011178019
73226,0.000473653049141504,0.0400236826524571,0,0.00106571936056838,0.000118413262285376,0,0.958318531675548,0.00059206631142688
73236,0.00106458481192335,0.00940383250532292,0,0,0,0.00319375443577005,0.986337828246984,0.00106458481192335
73268,0.0110514096185738,0.00241459369817579,0,0.00133996683250415,0,0,0.985194029850746,0.0110514096185738
73270,0.00290294080525054,0.00239808153477218,0,0.00100971854095671,0,0,0.993689259119021,0.00290294080525054
73275,0.000939204565979121,0.000830834808366145,0,0.000541848788064877,0,0,0.99768811183759,0.000939204565979121
73283,0.0499186991869919,0.00491056910569106,0,0.000617886178861789,3.2520325203252e-05,0,0.944520325203252,0.0499512195121951
73319,0.007823903777661,0.0023646873357856,0,0.0196181467857768,2.91936708121679e-05,0,0.970164068429964,0.00785309744847317
73347,0.00134816312773846,0.0196607122795192,0,0,0,0,0.978991124592742,0.00134816312773846
73349,0.0110519852640196,0.000707029360324489,0,0.00126521043426488,0.000111636214788077,0,0.986864138726603,0.0111636214788077
73352,0.0133267522211254,0.00641658440276407,0,9.87166831194472e-05,0,0,0.980157946692991,0.0133267522211254
73408,0.000662434446591223,0.00077284018768976,0,0.000276014352746343,0,0,0.998288711012973,0.000662434446591223
73411,0.00158463385354142,0.00352941176470588,0,0.000288115246098439,0,0,0.994597839135654,0.00158463385354142
73443,0.0359046627044911,0.00716867838980455,0,0.00208320568592611,6.12707554684149e-05,0,0.95478218246431,0.0359659334599596
73449,0.0330310087020468,0.00196102463537198,0,0.00153205049638436,0,0,0.963475916166197,0.0330310087020468
73483,0.00123347148213933,0.0657686994276692,0,0.439707913953029,9.86777185711466e-05,0,0.493191237418591,0.00133214920071048
73504,0.000753209326696358,0.0400838354728845,0,0.434929263819754,0,0,0.524233691380665,0.000753209326696358
73547,0.00446927374301676,0.00856610800744879,0,0,0,0,0.986964618249534,0.00446927374301676
73555,0.034038204543668,0.0102979325524723,0,0.058171527395645,7.8610172156277e-05,0.000117915258234416,0.897295810077824,0.0341168147158242
73563,0.000464846019755956,0.00395119116792562,0,0.00162696106914585,0.000348634514816967,0,0.993608367228356,0.000813480534572923
73585,0.00079750598129486,0.0245776843326325,0,0.00130500978757341,0,0,0.973319799898499,0.00079750598129486
73616,0.00932261033089265,0.0132837194414436,0,0.0275277077581723,4.00112031368783e-05,0,0.949825951266355,0.00936262153402953
73624,0.00174117647058824,0.0584941176470588,0,0.0349176470588235,0.000376470588235294,0,0.904470588235294,0.00211764705882353
73671,0.0262693456421396,0.00115395058376324,0,0.0366549008960087,0,0,0.935921802878088,0.0262693456421396
73675,0.00100200400801603,0.0072812291249165,0,0.115564462257849,0,0,0.876152304609218,0.00100200400801603
73678,0.00178478471034431,0.00609801442700974,0,0.00230534691752807,0,0,0.989811853945118,0.00178478471034431
73686,0.00030993336432667,0.00697350069735007,0,0.0035642336897567,0.000154966682163335,0,0.988997365566403,0.000464900046490005
73770,0,0.00268336314847943,0,0.000894454382826476,0,0,0.996422182468694,0
73854,0.0011417387049421,0.0225085630402871,0,0.00326211058554885,0,0,0.973087587669222,0.0011417387049421
73861,0.00026916451335056,0.0824720068906115,0,0,0,0,0.917258828596038,0.00026916451335056
73873,0.00149750415973378,0.00815307820299501,0,0.00116472545757072,0,0,0.989184692179701,0.00149750415973378
76001,0.261175784675578,0.00224537193188717,4.81839470362054e-07,0.0045610924264472,0.000431728165444401,0.000340660505545972,0.731244880455627,0.261607994680492
76020,0.000786410821012897,0.000471846492607738,0,0.011402956904687,0,0,0.987338785781692,0.000786410821012897
76036,0.0400730677017924,0.00753510674734559,0,0.000114168284050691,0,0,0.952277657266811,0.0400730677017924
76041,0.0126033474490825,0.0441117160717887,0,0.0181488203266788,5.04133897963299e-05,0,0.925085702762654,0.0126537608388788
76054,0.174333729417756,0.00560176540485486,0,0.0283483279579019,0,0,0.791716177219487,0.174333729417756
76100,0.00202333580629932,0.00607000741889796,0,0.100829567680583,6.7444526876644e-05,0,0.891009644567343,0.00209078033317596
76109,0.8360707819387,0.0554244664674113,0,0.00815836795627485,0.000249840379757377,0,0.100096543257857,0.836320622318457
76111,0.31294014084507,0.000677139761646804,0,0.00182827735644637,0.000270855904658722,0,0.684283586132178,0.313210996749729
76113,1,0,0,0,0,0,0,1
76122,0.0192565754159957,0.00261674718196457,0,0.00103998926462695,6.70960815888352e-05,0,0.977019592055824,0.0193236714975845
76126,0.0639931175964529,0.00450003308847859,0,0.0130368605651512,0.000198530871550526,0,0.918271457878367,0.0641916484680034
76130,0.528407439697762,0.00306596919500145,0,0.00146759662888695,5.81226387678001e-05,0,0.467000871839581,0.52846556233653
76147,0.0471410617622658,0.0542709522675187,0,0.00223425140256775,1.64283191365275e-05,0,0.896337306248511,0.0471574900814023
76233,0.3874089186826,0.00693675313319732,0,0.0234042553191489,0.000204022150976392,0,0.582046050714078,0.387612940833576
76243,0.0241760624457936,0.00108412836079792,0,0.00108412836079792,0,0,0.973655680832611,0.0241760624457936
76246,0.0316309719934102,0.0057111477210324,0,0.014607358594179,0.000109829763866008,0,0.947940691927512,0.0317408017572762
76248,0.301780482307866,0.00471414619487642,0,0.00191570881226054,0.00232890090902261,0,0.689260761775975,0.304109383216888
76250,0.00979097909790979,0.00385038503850385,0,0.0117711771177118,0.00022002200220022,0,0.974367436743674,0.01001100110011
76275,0.310621315856918,0.00329513418518654,0,0.0470471936440523,5.49189030864424e-05,0,0.638981437410757,0.310676234760004
76306,0.0445023394300298,0.00717779668226287,0,0.00813483623989792,0.000106337728626117,0,0.940078689919183,0.0446086771586559
76318,0.187441635807438,0.00689099983899533,0,0.00173885042666237,9.6602801481243e-05,0,0.803831911125423,0.18753823860892
76364,0.594381974432425,0.0201162939843516,0,0.00811278806276455,0.000128265423917226,4.2755141305742e-05,0.377217922955235,0.594510239856343
76377,0.0453705414895583,0.00323415265200517,0,0.00378857882092035,0,0,0.947606727037516,0.0453705414895583
76400,0.00726151077980914,0.00115670083218199,0,0.000160652893358609,0,0,0.99142113549465,0.00726151077980914
76403,0.00531992420929894,0.0171986590875966,0,0.00357090803089929,7.28756740999854e-05,0,0.973837632998105,0.00539279988339892
76497,0.069455350132058,0.00356913412806053,0,0.00349775144549932,0,0,0.923477764294382,0.069455350132058
76520,0.144594371277276,0.0032080989229697,0,0.0019902427808793,0.000125737359802844,0,0.850081549659072,0.144720108637079
76563,0.308302795518794,0.0141555858025338,0,0.00956967856768925,8.37608627368862e-05,0,0.667888179248246,0.308386556381531
76606,0.0154887976370578,0.00100857286938981,0,0.00417837331604351,0,0,0.979324256177509,0.0154887976370578
76616,0.255096740683028,0.00298662511362161,0,0.00051941306323854,0,0,0.741397221140112,0.255096740683028
76622,0.0257292934089088,0.00370952903819331,0,0.000860610736860848,8.90286969166395e-05,0,0.96961153811912,0.0258183221058254
76670,0.01069484054965,0.00337049520352606,0,0,0,0,0.985934664246824,0.01069484054965
76736,0.00540449654112221,0.00127305918524212,0,0.00302651806302844,7.20599538816295e-05,2.40199846272098e-05,0.990199846272098,0.00547655649500384
76823,0.00617083468658655,0.00727508931471257,0,0.00155894771029555,0,0,0.984995128288405,0.00617083468658655
76828,0.00104729357292471,0.00744129643920185,0,0.0120714364458163,5.51207143644582e-05,0,0.979384852827693,0.00110241428728916
76834,0.0902497325852998,0.00174092427252287,0,0.0024285620729551,8.18616429085987e-05,0,0.905498919426314,0.0903315942282084
76845,0.0112272551296942,0.000774293457220286,0,0.00116144018583043,0,0,0.986837011227255,0.0112272551296942
76863,0.006009765869538,0.00225366220107675,0,0.00375610366846125,0,0,0.987980468260924,0.006009765869538
76869,0.0127189324437031,0.024395329441201,0,0.0125104253544621,0.000104253544620517,0,0.950271059216013,0.0128231859883236
76890,0.12596502804355,0.00151765094028373,0,0.00633454305509733,0,0,0.866182777961069,0.12596502804355
76892,0.143708214734891,0.00298978398534896,0,0.00215132057986364,7.72268926104896e-05,5.51620661503497e-05,0.851018291741135,0.143785441627502
76895,0.476711370844884,0.00157338727804001,0,0.00197297769785969,7.49232037161909e-05,0,0.5196673409755,0.4767862940486
81001,0.0308111752807012,0.0435636598164815,0,0.00938113804930961,4.39740846061388e-05,0,0.916200052768901,0.0308551493653074
81065,0.0416901761645038,0.12770359225127,0,0,0,0,0.830606231584227,0.0416901761645038
81220,0,0.0063973063973064,0,0.0063973063973064,0,0,0.987205387205387,0
81300,0.0138857272934214,0.00865012519918051,0,0.152060095606647,0,0,0.825404051900751,0.0138857272934214
81736,0.0786020011905099,0.0085886788174268,0,0.0244904900932566,2.83454746449729e-05,0,0.888290484424162,0.0786303466651549
81794,0.0127350681326145,0.057350256823874,0,0.0461433968671732,0.00059430317952201,0,0.883176974996816,0.0133293713121365
85001,0.0133777974825067,0.00227461109933111,0,0.0011083910017927,6.74672783699906e-05,0.000173487287237119,0.982998245850762,0.0134452647608767
85010,0.0117698502350326,0.00174907991108844,0,0.000947418285172904,0.000255074153700397,0,0.985278577415006,0.012024924388733
85125,0.00218340611353712,0.00363901018922853,0,0.121750883759617,0,0,0.872426699937617,0.00218340611353712
85139,0.00123892118555227,0.000762413037262937,0,0.00333555703802535,0,0,0.994663108739159,0.00123892118555227
85162,0.010419402854391,0.00481569039488661,0,0.00148848612205586,0,0,0.983276420628666,0.010419402854391
85225,0.0305980528511822,0.059931723353142,0,0.000379314704766721,0,0,0.909090909090909,0.0305980528511822
85230,0.0079191698525396,0.0106499180775532,0,0.195794647733479,0.000136537411250683,0,0.785499726925177,0.00805570726379028
85250,0.0212841573211183,0.00454114673827199,0,0.0365266150687095,0.000157952930026852,0,0.937490127941873,0.0214421102511452
85263,0.027369826435247,0.00360480640854473,0,0.000400534045393858,0,0,0.968624833110814,0.027369826435247
85400,0.00231481481481481,0.196913580246914,0,0.0125,0.00154320987654321,0,0.786728395061728,0.00385802469135802
85410,0.0209486663311525,0.00289380976346251,0,0.00056618017111223,0,0,0.975591343734273,0.0209486663311525
85430,0.00171433727330145,0.021835243165208,0,0.000631597942795272,0,0,0.975818821618695,0.00171433727330145
85440,0.0297636275928606,0.0025566811384467,0,0.0025566811384467,0,0,0.965123010130246,0.0297636275928606
86001,0.0641702362857538,0.0224678734282161,0,0.178969186126848,5.52715213486251e-05,0,0.734337432637833,0.0642255078071024
86219,0.00309671272034302,0.108384945212006,0,0.32229633158647,0,0,0.566222010481181,0.00309671272034302
86320,0.075609200637668,0.0376780788987576,0,0.311976517624434,5.06085680305676e-05,0,0.57468559427111,0.0756598092056985
86568,0.0722483331511641,0.0527926549349656,0,0.118788938681823,6.55809378074106e-05,0,0.75610449229424,0.0723139140889715
86569,0.0540591626500331,0.171722899536906,0,0.191380776864191,0,0,0.582837160948871,0.0540591626500331
86571,0.0459522878373093,0.309346890887759,0,0.16112631990614,0,0,0.483574501368792,0.0459522878373093
86573,0.0154960756691487,0.404105453813645,0,0.209800764741397,0.000100623867981485,0,0.370497081907829,0.0155966995371302
86749,0.00433688958279122,0.102871020903808,0,0.30618440454506,0,0,0.586607684968341,0.00433688958279122
86757,0.0407346671039685,0.133027222040013,0,0.0870449327648409,0,0,0.739193178091177,0.0407346671039685
86865,0.0237271679106742,0.0637781418775411,0,0.0845925116815341,3.03416469445962e-05,0,0.827871836883306,0.0237575095576188
86885,0.0370566788200199,0.321312562147829,0,0.145442492542261,6.62910175671197e-05,0,0.496121975472324,0.037122969837587
88001,0.186681340886948,0.00165987081874932,0.000216504889402086,0.000938187854075705,0.356349005881716,0,0.454155089669108,0.543246851658067
88564,0.0253195080781288,0.0137448758138413,0.000241138172172655,0.00241138172172655,0.878948637569327,0,0.0793344586448035,0.904509283819629
91001,0.0253312788906009,0.043020030816641,0,0.248073959938367,0,0,0.683574730354391,0.0253312788906009
94001,0.0114825210512886,0.0282597601428936,0,0.585480990048482,6.379178361827e-05,0,0.374712936973718,0.0115463128349069
95001,0.048520294184091,0.0830342127061422,0,0.0188257737393007,0,0,0.849619719370466,0.048520294184091
95015,0.0416803413193305,0.242533639645553,0,0.0241220872989826,0,0,0.691663931736134,0.0416803413193305
95025,0.0441854819130857,0.570041272153435,0,0.00194221898519058,0,0,0.383831026948288,0.0441854819130857
97001,0.0154299175500589,0.136336866902238,0,0.548586572438163,0,5.88928150765607e-05,0.299587750294464,0.0154299175500589
99001,0.0647673501577287,0.0863564668769716,0,0,0.000788643533123028,0,0.848087539432177,0.0655559936908517
99524,0.0790347575824662,0.24507416426832,0,0.114899269426611,0,0,0.560991808722603,0.0790347575824662
99773,0.0023759899958316,0.0912463526469362,0,0.574322634431013,0.000166736140058358,0,0.331888286786161,0.00254272613588995
