"Cod.Municipio","Clara.López","Enrique.Peñalosa","Juan.Manuel.Santos","Marta.Lucía.Ramírez","Oscar.Iván.Zuluaga"
5001,0.176137600696712,0.0705421293272371,0.111147398214675,0.211844110603092,0.430328761158284
5002,0.0706776308941397,0.0191527011554075,0.128135734360362,0.110960757780785,0.671073175809306
5021,0.0374408104834269,0.0210329258892192,0.516462944609624,0.0952538266710715,0.329809492346658
5030,0.12326257946342,0.0474086844090077,0.217325719211292,0.236396939984915,0.375606076931365
5031,0.164648117839607,0.0532460447354064,0.110856519367158,0.179705400981997,0.491543917075832
5034,0.0888255175327419,0.0309463455851289,0.124841571609632,0.178707224334601,0.576679340937896
5036,0.0980891719745223,0.0528662420382166,0.16104033970276,0.218895966029724,0.469108280254777
5038,0.0936193029490617,0.0517962466487936,0.228096514745308,0.161501340482574,0.464986595174263
5040,0.0984752223634053,0.0446844557390936,0.397289284201609,0.195256247352817,0.264294790343075
5042,0.129173508483853,0.040831964969896,0.283305966064587,0.162671045429666,0.384017515051998
5044,0.0532968190436065,0.0253844533389509,0.22824942068675,0.0901622077101327,0.60290709922056
5045,0.0778391252571181,0.0529392659954531,0.441485330735087,0.126339720688535,0.301396557323806
5051,0.0233081169494991,0.0103250868942956,0.639848701696994,0.0400736045798405,0.28644448987937
5079,0.167384747953468,0.0526712623869022,0.167277035760448,0.233627746660922,0.379039207238259
5086,0.0746060671025833,0.0363382999249652,0.310858612927431,0.217386643798907,0.360810376246114
5088,0.206075893836368,0.0719456021057249,0.14257512612415,0.247422680412371,0.331980697521386
5093,0.0233844868984236,0.0191042906357657,0.151790374778161,0.106274141350872,0.699446706336778
5101,0.0724729146944357,0.0301882823182918,0.132323551067634,0.246765541180183,0.518249710739455
5107,0.0641614177431408,0.0495356037151703,0.264652503469627,0.291662218426391,0.329988256645671
5120,0.0936936936936937,0.0552199258081611,0.516693163751987,0.108744038155803,0.225649178590355
5129,0.189686098654709,0.0701793721973094,0.173206278026906,0.278811659192825,0.288116591928251
5138,0.0365153886280647,0.0188836724047992,0.305790297339593,0.107042253521127,0.531768388106416
5142,0.0928028330382252,0.0799916675346318,0.313196542026872,0.19914592229976,0.31486303510051
5145,0.0506026600166251,0.0245220282626766,0.347256857855362,0.101101413133832,0.476517040731505
5147,0.0663048105576841,0.0390591741166454,0.414005959982972,0.133886760323542,0.346743295019157
5148,0.24975912643186,0.0709774114120544,0.103093887164115,0.217428540841452,0.358741034150519
5150,0.0860096788385394,0.0730312362516498,0.242410910690717,0.279696436427629,0.318851737791465
5154,0.199188727583262,0.0641545687446627,0.304227156276687,0.171327924850555,0.261101622544833
5172,0.0862234553409455,0.0345747518941415,0.496211716999253,0.12165190481272,0.26133817095294
5190,0.118005777254734,0.0327377768267893,0.361292393281267,0.211404728789986,0.276559323847224
5197,0.0474267370819095,0.0175002588795692,0.341721031376204,0.0767319043181112,0.516620068344206
5206,0.0391290627958347,0.0163037761649311,0.214578731461029,0.244135899863259,0.485852529714947
5209,0.0482488625542271,0.0286742143688499,0.133213416569675,0.0869749232885409,0.702888583218707
5212,0.237902342894679,0.0572585942631925,0.14090212393256,0.259032187431574,0.304904751477994
5234,0.0595963842758041,0.0191297035947025,0.515766239226403,0.0590708429682573,0.346436829934833
5237,0.0907200700372073,0.0520901729043554,0.0633617859487853,0.175859050120376,0.617968920989276
5240,0.0411531454292144,0.0250776979959276,0.261065266316579,0.0995606044368235,0.573143285821455
5250,0.140829929047517,0.0940657923027306,0.189636637282305,0.278972264029241,0.296495377338207
5264,0.103478937423586,0.0515727464710459,0.132710903634545,0.236856730021118,0.475380682449705
5266,0.164750957854406,0.0772851669403394,0.100383141762452,0.223316912972085,0.434263820470717
5282,0.113243761996161,0.0339091490722969,0.198229899765408,0.233312006824483,0.421305182341651
5284,0.080926724137931,0.0276939655172414,0.445581896551724,0.184698275862069,0.261099137931035
5306,0.0861344537815126,0.0227941176470588,0.313865546218487,0.152310924369748,0.424894957983193
5308,0.22385584788857,0.0632323678974132,0.163718770727393,0.29703736458103,0.252155648905594
5310,0.088615997344839,0.0767784046907844,0.196260648301803,0.260758933510344,0.377586016152229
5318,0.140297863155623,0.0465141377077488,0.100798618605655,0.302827541549752,0.409561838981222
5321,0.138450121912435,0.0374218170253366,0.231739637443019,0.178204176826036,0.414184246793173
5347,0.0603208556149733,0.0219251336898396,0.454224598930481,0.101390374331551,0.362139037433155
5353,0.0571030640668524,0.0306406685236769,0.326333833297622,0.142061281337047,0.443861152774802
5360,0.183315038419319,0.0652030735455543,0.173655323819978,0.245225027442371,0.332601536772777
5361,0.166610757016661,0.04729956390473,0.313317678631332,0.187409146818741,0.285362853628536
5364,0.0942618619887985,0.0384656028743527,0.136848779456832,0.257846348937969,0.472577406742048
5368,0.0821859775471298,0.0363270493539504,0.124126244439737,0.237979241686083,0.519381486973099
5376,0.138599913307326,0.0653446033810143,0.116384915474642,0.250975292587776,0.428695275249241
5380,0.188436123348018,0.0697136563876652,0.124449339207048,0.259471365638766,0.357929515418502
5390,0.0432466311501097,0.0189073435704586,0.292593753264389,0.0988195967826178,0.546432675232425
5400,0.107756321348554,0.0703083324442548,0.125040008535154,0.214872506134642,0.482022831537395
5411,0.0677913152139956,0.0204102884515256,0.240862230552952,0.162449234614183,0.508486931167344
5425,0.142629227823867,0.0281854924484152,0.288661986811317,0.190704105509466,0.349819187406935
5440,0.169232402590509,0.0596666312772057,0.122836819195244,0.191103089499947,0.457161057437095
5467,0.0797763681324589,0.026771314912375,0.168584023223309,0.237286313299645,0.487581980432212
5480,0.0359312801173266,0.0247223968154201,0.633040016760947,0.0585585585585586,0.247747747747748
5490,0.0305681350349938,0.022231370934541,0.614553314121038,0.0550638122684232,0.277583367641005
5495,0.0696000822452966,0.0283746273259998,0.335458003495425,0.148349953737021,0.418217333196258
5541,0.0979288369622942,0.0342007434944238,0.23611258629846,0.15570897503983,0.476048858204992
5576,0.041531540956167,0.0194581023119573,0.158070927921331,0.182027408724762,0.598912020085783
5579,0.119269949066214,0.0549660441426146,0.291489813242784,0.171052631578947,0.36322156196944
5585,0.172876151484135,0.0211873080859775,0.502763561924258,0.0860798362333675,0.217093142272262
5591,0.0658518596565167,0.0321357075123802,0.186492466547255,0.187862185228111,0.527657781055737
5604,0.183165057067603,0.0856014047410009,0.226514486391572,0.215978928884987,0.288740122914838
5607,0.133432963279249,0.0481426131511529,0.112830913748933,0.203672075149445,0.501921434671221
5615,0.175351351351351,0.0677837837837838,0.103351351351351,0.228864864864865,0.424648648648649
5631,0.16435665175161,0.0782494816108261,0.155189348466659,0.220451817090473,0.381752701080432
5642,0.0510879848628193,0.0353200883002208,0.123620309050773,0.0871439083359613,0.702827709450226
5649,0.0422286781489936,0.0374559037144636,0.463477899979249,0.0930691014733347,0.363768416683959
5652,0.0348356419268141,0.0232582179036593,0.39476948521811,0.0610915856936117,0.486045069257804
5656,0.0807876530069186,0.0354443853113358,0.264821713677488,0.125279403938265,0.493666844065993
5659,0.0426226164984195,0.0191699806260834,0.692464566126236,0.0327317222392169,0.213011114510044
5660,0.0441020191285866,0.044952178533475,0.244739638682253,0.137194473963868,0.529011689691817
5664,0.097719510851603,0.0420843891153465,0.107855018177812,0.318497300870332,0.433843780984907
5665,0.0428527386702292,0.0196279930120234,0.467064022197102,0.0614530880690577,0.409002158051588
5667,0.0756133671742809,0.0305626057529611,0.375,0.137267343485618,0.38155668358714
5670,0.0738026972496549,0.0351491982584687,0.144419666560476,0.183710311139429,0.562918126791972
5674,0.0756206502544926,0.0262802534538278,0.103043523423704,0.224888334891451,0.570167237976524
5679,0.154495883673688,0.037528065861221,0.220784774938522,0.174275633486582,0.412915642039987
5686,0.107638124587277,0.0475456746643187,0.12887959498129,0.263812458727713,0.452124147039401
5690,0.0737045381396846,0.0320781032078103,0.253299002252977,0.198261989056968,0.44265636734256
5697,0.0805776475512767,0.0364169108413562,0.0876935956467141,0.247488488907493,0.54782335705316
5736,0.253757542512342,0.0864509051014811,0.240373011519473,0.193965990126166,0.225452550740538
5756,0.0640342630314426,0.0247571294265121,0.137887809464118,0.143006372088165,0.630314425989763
5761,0.0849086492765868,0.0771992818671454,0.283556869785616,0.159045305734502,0.39528989333615
5789,0.0999572832123024,0.0399401964972234,0.126548483554037,0.308521999145664,0.425032037590773
5790,0.146433831264465,0.061645276667368,0.424784346728382,0.160424994740164,0.206711550599621
5792,0.0433011789924973,0.0264737406216506,0.476420150053591,0.0969989281886388,0.356806002143623
5809,0.100131752305665,0.0405138339920949,0.318401405357927,0.173364075537989,0.367588932806324
5837,0.0325893324950225,0.0255684795137797,0.632610290265116,0.0630828879807189,0.246149009745363
5842,0.0374582637729549,0.0170075125208681,0.629173622704507,0.0573873121869783,0.258973288814691
5847,0.0653846153846154,0.0449450549450549,0.218131868131868,0.111428571428571,0.56010989010989
5854,0.0943037974683544,0.0359704641350211,0.333755274261603,0.232278481012658,0.303691983122363
5858,0.115615615615616,0.0371085371085371,0.149077649077649,0.156906906906907,0.541291291291291
5861,0.081107177341487,0.0333655187211673,0.266924149769338,0.182705718270572,0.435897435897436
5887,0.134301075268817,0.0529032258064516,0.12247311827957,0.247956989247312,0.442365591397849
5890,0.0972563253976727,0.0393936158855557,0.215970961887477,0.174228675136116,0.473150421693178
5893,0.241144273468966,0.0412062377362388,0.344314778477744,0.108127646390581,0.265207063926469
5895,0.163937889510933,0.0718284567444808,0.387134255836062,0.143340023238618,0.233759374669906
8078,0.118282890673255,0.0312950380893556,0.67006382540663,0.071443277743463,0.108914968087297
8137,0.0307943305801978,0.0154991332721525,0.62159681859896,0.0689303558682574,0.263179361680432
8141,0.012875101378751,0.00587996755879967,0.856650446066504,0.0193633414436334,0.105231143552311
8296,0.0917071155633585,0.0277806464938552,0.642053082722297,0.0550449240937726,0.183414231126717
8372,0.0951112022137952,0.0456082812339859,0.590652864610024,0.0715383826996003,0.197089269242595
8421,0.0534484530784253,0.0196320279576524,0.628636036591633,0.0425531914893617,0.255730290882927
8433,0.134964237586815,0.0354514356794859,0.53902767699803,0.0775370581527936,0.213019591582876
8436,0.0233545647558386,0.00778485491861288,0.830047517945607,0.0255788090182995,0.113234253361642
8520,0.100714951818464,0.0215521707595068,0.745311366697752,0.0412392498186716,0.0911822609056056
8549,0.018036275205188,0.00901813760259398,0.652041746884183,0.0204681325362245,0.300435707771811
8558,0.109784957300134,0.026545940940426,0.731659635764996,0.0530918818808519,0.0789175841135919
8560,0.0295761764406952,0.0457363553206627,0.583595893891656,0.0329301758308771,0.308161398516109
8573,0.131430951885024,0.0887315142678609,0.538637783795043,0.0720683191001875,0.169131430951885
8606,0.0378164074412931,0.0102673579343296,0.855037104808376,0.022059571007421,0.0748195588085799
8634,0.0947268708556994,0.0406273023892222,0.627302389222187,0.0707293969055889,0.166614040627302
8638,0.0534155110426297,0.0266050333846944,0.755521314843349,0.0501284026707756,0.114329738058552
8675,0.0317971422821493,0.0334071241698531,0.709498893137452,0.0250553431273898,0.200241497283156
8758,0.18504889075807,0.056250657133845,0.47408264115235,0.0910524655661865,0.193565345389549
8832,0.0977128854400653,0.0301204819277108,0.662446395752502,0.0847457627118644,0.124974474167858
8849,0.0513789581205312,0.0299284984678243,0.79611848825332,0.0446373850868233,0.0779366700715015
11001,0.223071881144855,0.174786978370111,0.197618527419707,0.163207341053092,0.241315272012235
13006,0.0274914089347079,0.0113199919142915,0.211340206185567,0.0225389124722054,0.727309480493228
13042,0.118761458545529,0.0139539621104095,0.559380729272764,0.0988999796292524,0.209003870442045
13052,0.14447410571276,0.0600106780565937,0.432140950347037,0.0770955686065136,0.286278697277096
13062,0.043338036686152,0.0135053416649869,0.449909292481355,0.0405160249949607,0.452731304172546
13074,0.0747277127874143,0.0110931827349738,0.388866478418717,0.0256151674062122,0.499697458652683
13140,0.0577355405681586,0.0128755364806867,0.531269160024525,0.0353566319231555,0.362763131003474
13160,0.187871947465627,0.0172378411656064,0.378719474656269,0.197414323825159,0.218756412887338
13188,0.0796881328473066,0.0101255569056298,0.696638315107331,0.0335155933576347,0.180032401782098
13212,0.0321962050867985,0.00423899878885749,0.639281388776746,0.015643924101736,0.308639483245862
13222,0.0803589638996533,0.0382418927187436,0.607893126657149,0.0425249847032429,0.230981032021211
13244,0.0266898455874834,0.0101237345331834,0.420595152878617,0.0209632886798241,0.521627978320892
13248,0.0203004466098254,0.00568412505075112,0.652456354039789,0.0171538773853025,0.304405196914332
13430,0.0835463748849576,0.0256672461396871,0.547704264239697,0.0586972083035075,0.28438490643215
13433,0.0754659643435981,0.0236021069692058,0.45563209076175,0.0425445705024311,0.402755267423015
13440,0.0890688259109312,0.0048582995951417,0.444331983805668,0.0445344129554656,0.417206477732794
13442,0.0526744778400407,0.0115129903209373,0.720835455934794,0.012633723892002,0.202343352012226
13468,0.136956965123394,0.0159086273709973,0.495003059351417,0.0520089740974913,0.3001223740567
13473,0.0456343170063888,0.0126761991684413,0.434945745867559,0.0542541324409289,0.452489605516682
13549,0.0582416473200767,0.0106995054002221,0.545977591601898,0.0534975270011103,0.331583728676693
13600,0.0587042482003447,0.0133833519213221,0.527628510595154,0.0342694920409612,0.366014397242218
13647,0.0644231758773284,0.0203766594627972,0.603066790161572,0.0456931151589997,0.266440259339302
13650,0.0720429019528483,0.00495800870181119,0.559850247900435,0.0243853081048265,0.338763533340079
13654,0.0415094339622642,0.0124426313105558,0.469964303926568,0.0409994900560938,0.435084140744518
13657,0.0502976801478136,0.0211455553274482,0.397043728187231,0.0358242660644632,0.495688770273045
13667,0.12422612402314,0.0152237897087182,0.381203694306303,0.0643458845021821,0.415000507459657
13670,0.135182933569139,0.020559301425887,0.362108986404333,0.15817398032497,0.323974798275671
13673,0.0929493748719,0.0181389629022341,0.698811231809797,0.0383275261324042,0.151772904283665
13683,0.0761799951088286,0.0336268036194669,0.532404010760577,0.0588163365125948,0.298972853998533
13688,0.124829967563043,0.0287747201004499,0.182274772418123,0.208538244218897,0.455582295699487
13744,0.131744557928402,0.0180542659651295,0.333333333333333,0.146497472402765,0.37037037037037
13780,0.0555386949924127,0.0146686899342438,0.534850784016186,0.0309559939301973,0.36398583712696
13810,0.0369919935137326,0.0128711867842303,0.348434174521131,0.027972027972028,0.573730617208878
13836,0.174893617021277,0.0778723404255319,0.340212765957447,0.123829787234043,0.283191489361702
13838,0.0883909119203237,0.0487602448386762,0.462703599958502,0.0960680568523706,0.304077186430128
13873,0.0849579314590601,0.017750872152678,0.372357890416581,0.0352965319105274,0.489636774061153
13894,0.0260162601626016,0.00589430894308943,0.855792682926829,0.0152439024390244,0.0970528455284553
15001,0.343087895951332,0.137088315502412,0.161107614852108,0.211453744493392,0.147262429200755
15047,0.076782449725777,0.0231566118220597,0.0547430428600447,0.212979890310786,0.632338005281333
15087,0.201065942104713,0.041801651165221,0.134601316752012,0.422196676768732,0.200334413209322
15092,0.142070134548151,0.0622947346117173,0.311579616484797,0.218879118550694,0.26517639580464
15135,0.0704108164326573,0.0256890275611024,0.141757670306812,0.135101404056162,0.627041081643266
15162,0.248856073211314,0.0498128119800333,0.10212146422629,0.383319467554077,0.215890183028286
15176,0.195263769954541,0.0762237022941114,0.176234274236177,0.250343588117137,0.301934665398034
15180,0.0524606798579401,0.0127853881278539,0.165398274987316,0.0188736681887367,0.750481988838153
15204,0.246174524400331,0.105769230769231,0.15787841191067,0.28318858560794,0.206989247311828
15215,0.222571848122509,0.0798195930354521,0.10876861757919,0.372246696035242,0.216593245227606
15218,0.0453856262003437,0.0176892752451228,0.0882442130799555,0.0697462852521985,0.778934600222379
15223,0.188306838792276,0.0243251893737331,0.299157153526086,0.157153526085565,0.331057292222341
15236,0.0349147668925857,0.01879235982748,0.194598480180735,0.220168412405011,0.531525980694188
15238,0.304384397013984,0.142256334770266,0.114814425402166,0.192303648407108,0.246241194406477
15248,0.0281177303529888,0.0105188631536361,0.0624051785172449,0.166076666329524,0.732881561646607
15276,0.0949138553595378,0.0610750025791809,0.104508408129578,0.426802847415661,0.312699886516043
15293,0.129075388254654,0.0432993931914018,0.197161369947547,0.290033940141931,0.340429908464466
15322,0.158241992125146,0.0883260615089922,0.268596360540598,0.170373523464936,0.314462062360328
15332,0.0752028292074059,0.039317661743291,0.0568961930517995,0.12929061784897,0.699292698148533
15362,0.209720509658857,0.0805589806822852,0.108199753390875,0.23623099054665,0.365289765721332
15367,0.207754206291148,0.0550736754101787,0.249033336816804,0.130212143379663,0.357926638102205
15368,0.0625444930336622,0.0193226889047086,0.101901759381674,0.0548154174717787,0.761415641208177
15380,0.162054507337526,0.0461215932914046,0.14874213836478,0.260482180293501,0.382599580712788
15407,0.187224206766127,0.135217482664425,0.260769069132171,0.125761714645934,0.291027526791343
15442,0.0440174850055911,0.0106739859713327,0.379790586560943,0.0907797092609535,0.474738233201179
15455,0.214374505593852,0.0933438806644819,0.287942140354842,0.103401514295401,0.300937959091423
15466,0.336199836199836,0.0401310401310401,0.0972563472563473,0.195741195741196,0.330671580671581
15469,0.244275603663614,0.0479808492922565,0.18796835970025,0.195878434637802,0.323896752706078
15476,0.26413111998319,0.13122504727884,0.23103593191847,0.166001260769069,0.207606640050431
15480,0.0714954729940681,0.022062649599334,0.248308877094391,0.218232906650016,0.439900093662192
15491,0.402310815030707,0.109399396273551,0.143957530967003,0.194962006869991,0.149370250858749
15507,0.0602072538860104,0.0251813471502591,0.129119170984456,0.0870466321243523,0.698445595854922
15514,0.0362349021241149,0.0302998750520616,0.404831320283215,0.0463348604748022,0.482299042065806
15516,0.22282782943251,0.172598054932136,0.167147590039543,0.186491396815219,0.250935128780592
15518,0.0878523833931317,0.0293182983085597,0.140850845720144,0.058534085084572,0.683444387493593
15522,0.0402718604179347,0.00578210590383445,0.070501115844999,0.120815581253804,0.762629336579428
15531,0.0728360672650366,0.0209429485195502,0.256886412875271,0.207262973279686,0.442071598060456
15537,0.317852264369024,0.17810234317537,0.190606283492697,0.205632026899233,0.107807082063676
15542,0.141341300092717,0.0319357164932523,0.137220562480684,0.334706912537344,0.354795508396003
15572,0.137319108482096,0.0721453469948241,0.241047850427802,0.207880004225203,0.341607689870075
15580,0.054164537557486,0.0207460398569239,0.198569238630557,0.136228921819111,0.590291262135922
15600,0.138474381717625,0.0345403318376291,0.161014296149431,0.339455285401231,0.326515704894083
15632,0.122436099715999,0.0445987167350373,0.20721573577364,0.271694540864626,0.354054906910697
15646,0.219477693144723,0.0867247007616975,0.20076169749728,0.310990206746463,0.182045701849837
15667,0.0844294891404099,0.034669113898236,0.120730090751504,0.162740899357602,0.597430406852248
15673,0.0366508049002734,0.0171104586412878,0.078060139718538,0.096891768755695,0.771286827984206
15681,0.0417350287120591,0.0176374077112387,0.129614438063987,0.0657301066447908,0.745283018867924
15686,0.0973965356290841,0.0275904989109014,0.425578259516648,0.116689140130692,0.332745565812675
15690,0.136623596695615,0.0487184918449481,0.182058885829273,0.232471933912307,0.400127091717856
15720,0.061359698297829,0.0227295892365712,0.238609723779431,0.159107124655998,0.51819386403017
15740,0.177430947735907,0.13307321080193,0.0700277235855837,0.272820618133279,0.3466474997433
15753,0.087787429739397,0.0181911088400613,0.265406234031681,0.247112927950945,0.381502299437915
15755,0.0830845258931329,0.0169875424688562,0.155461752290744,0.0800988366107279,0.664367342736539
15757,0.255051306463557,0.0578652279699566,0.135406749180154,0.237808103247646,0.313868613138686
15759,0.349416423509796,0.0922259274697791,0.13859941642351,0.180491871613172,0.239266360983743
15761,0.183582860092927,0.0488384099122354,0.144656685596283,0.17356737222509,0.449354672173464
15762,0.181443080829454,0.0682395260262378,0.298455353364367,0.277824798984342,0.174037240795599
15763,0.140561015561016,0.102989352989353,0.149979524979525,0.323300573300573,0.283169533169533
15764,0.198326872066925,0.11732299530708,0.0911038563558458,0.403693123852275,0.189553152417874
15774,0.0502334077531967,0.0279074487517759,0.071544550436371,0.505581489750355,0.344733103308301
15776,0.0908901179171449,0.0420536366482312,0.212459563810915,0.240217051027862,0.414379630595847
15798,0.0969085042156761,0.0646403663995004,0.163110232122411,0.207244717393567,0.468096179868846
15804,0.214915465200705,0.0372368011617052,0.35670573591951,0.107872627320817,0.283269370397262
15806,0.279654849776484,0.0695498492566795,0.130990747478948,0.303357937415532,0.216446616072357
15810,0.055962073585489,0.0436978254148202,0.351746882407503,0.049778419045656,0.498814799546532
15814,0.22699712796511,0.0700989256462078,0.161365812147644,0.258164025103712,0.283374109137326
15820,0.177114224358319,0.0439717762552408,0.124859392575928,0.301257797320789,0.352796809489723
15842,0.0790345970582142,0.027242593743526,0.109488295007251,0.284959602237415,0.499274911953594
15861,0.218464069086049,0.0459545594736301,0.0653850107946952,0.477845173229156,0.19235118741647
15879,0.0943065994028622,0.048079892927005,0.10346957685576,0.440852465767528,0.313291465046844
15897,0.140957156873433,0.0579962934699662,0.264907881827101,0.114139321923035,0.421999345906465
17001,0.196848694150658,0.116123462119577,0.17116339304986,0.182818907835096,0.333045542844809
17013,0.0554397665694039,0.0263651521467278,0.158190912880367,0.223843268028345,0.536160900375156
17042,0.0685792063658256,0.0327714375458067,0.104701078421108,0.19191707674589,0.60203120092137
17050,0.0453355669563396,0.0414616270547587,0.1398806407706,0.252015495759606,0.521306669458695
17088,0.0495336787564767,0.0205181347150259,0.254818652849741,0.221036269430052,0.454093264248705
17174,0.126497720284169,0.0723147068179408,0.212066588908917,0.179514367511399,0.409606616477574
17272,0.0782169890664424,0.0372161480235492,0.324957947855341,0.155067283431455,0.404541631623213
17380,0.0999579566953963,0.0451965524490225,0.276119402985075,0.111414757199916,0.467311330670591
17388,0.0612959719789842,0.0196765220974554,0.225404347378181,0.419285052024312,0.274338106521067
17433,0.0281166011990903,0.0170560264626835,0.176762456067811,0.109468678933223,0.668596237337193
17442,0.289936440677966,0.0377118644067797,0.158368644067797,0.145444915254237,0.36853813559322
17444,0.02,0.0104081632653061,0.0744897959183674,0.174285714285714,0.720816326530612
17486,0.0707755189846187,0.0599117995052167,0.2108206948478,0.139077121652146,0.519414865010218
17513,0.0437910541132312,0.0469189865498905,0.264623084141383,0.150870607861537,0.493796267333959
17524,0.0608786610878661,0.0349372384937238,0.373640167364017,0.138912133891213,0.39163179916318
17541,0.0228882274453454,0.0101611413322385,0.110951452324746,0.0595299189161449,0.796469259981525
17614,0.179449464173146,0.037192687539399,0.177768438747636,0.119352805211179,0.48623660432864
17616,0.062009829551396,0.0210185088361393,0.181951270521803,0.153926592073617,0.581093799017045
17653,0.0732858041518138,0.0373243866638708,0.234116166911302,0.123505976095618,0.531767666177396
17662,0.0339192106074622,0.0144927536231884,0.249768732654949,0.0726693390893206,0.62914996402508
17777,0.155027188399616,0.0414756370615204,0.179443437466681,0.125493122934215,0.498560614137968
17867,0.0315203955500618,0.0274000824062629,0.359909353110836,0.0824062628759786,0.49876390605686
17873,0.152339967724583,0.0910166756320603,0.227111350188273,0.192684238838085,0.336847767616998
17877,0.0640933016823202,0.0654350294148003,0.110640933016823,0.130973268655176,0.62885746723088
18001,0.113538493855687,0.0739418128347863,0.131918916080244,0.0881209956937297,0.592479781535553
18029,0.0791419348120379,0.0407164427782985,0.138706654170572,0.13943559304384,0.601999375195251
18094,0.112745613113376,0.0569507197646317,0.126195229589156,0.108857833350846,0.59525060418199
18150,0.292407108239095,0.0348949919224556,0.295745826602046,0.107054388799138,0.269897684437264
18205,0.059414314409557,0.0378475525954118,0.198541071994925,0.0684004651654509,0.635796595834655
18247,0.10672392124005,0.0374947633012149,0.179199832425639,0.123062421449518,0.553519061583578
18256,0.107591595396473,0.0462464364903389,0.254355400696864,0.0849963045084996,0.506810262907824
18410,0.211743584327807,0.0490020065476819,0.224944555919316,0.0704403844122928,0.443869468792903
18479,0.0691363120421009,0.0418945413270044,0.0891548859766794,0.0755340006191312,0.724280260035084
18592,0.171539540403496,0.0368971841622613,0.201316215341461,0.101413313194519,0.488833746898263
18610,0.119380511938051,0.0521617552161755,0.183480318348032,0.131318563131856,0.513658851365885
18753,0.159086145462167,0.028924753720394,0.283169146929365,0.084363865017816,0.444456088870258
18756,0.163334391198561,0.0577594414471596,0.291124510737332,0.0888606791494764,0.398920977467471
18860,0.0293135823075318,0.0585228458168162,0.337471312330482,0.0795952430627999,0.49509701648237
19001,0.207216825024021,0.109319953026583,0.262517348137077,0.197395110494288,0.223550763318031
19022,0.0469358475097356,0.0142447222791556,0.879585980733757,0.0309489649518344,0.0282844845255175
19050,0.245971074380165,0.0184917355371901,0.661673553719008,0.0426652892561983,0.031198347107438
19075,0.132706267252837,0.0325120130865965,0.729782230855741,0.047234434106942,0.0577650546978837
19100,0.0757247498194573,0.0277519859692562,0.68606210667492,0.0632415144949964,0.14721964304137
19110,0.0694150063586265,0.0243747350572276,0.712484103433658,0.0536244171259008,0.140101738024587
19130,0.105136771768636,0.0541866778032992,0.463040300689079,0.220505324702443,0.157130925036542
19137,0.146145374449339,0.0515418502202643,0.520044052863436,0.122136563876652,0.160132158590308
19142,0.163356346255975,0.0407859798194371,0.515878916622411,0.0800849707912905,0.199893786510887
19212,0.161710245763663,0.0547637751094153,0.597912692178207,0.0919088766692851,0.0937044102794299
19256,0.070316581339463,0.0453453139692822,0.531501410510918,0.121826350433602,0.231010343746735
19290,0.0505924781040701,0.0505924781040701,0.676249356002061,0.0767645543534261,0.145801133436373
19318,0.143280531425652,0.00991313234542667,0.697291773122126,0.107204905467552,0.0423096576392437
19392,0.0833067007563652,0.0393096836049856,0.478960264195164,0.0691381698093107,0.329285181634175
19397,0.0978317796166335,0.0335183827380329,0.571907405467686,0.173038650885095,0.123703781292553
19418,0.259135877246113,0.00706642438925903,0.64193418130426,0.049061175045427,0.0428023420149404
19450,0.0801156308073508,0.0160024778030147,0.682428246954367,0.120586413380136,0.100867231055131
19455,0.268946106536016,0.0381528197644115,0.453351402064005,0.100072969873866,0.139476701761701
19473,0.0872658784137282,0.0389243486449723,0.545568693104531,0.15506958250497,0.173171497331799
19513,0.0572295459301109,0.0117179326218874,0.864929901653065,0.0218664992676292,0.044256120527307
19532,0.29951741502308,0.039026437263953,0.342320604280319,0.10144775493076,0.217687788501888
19548,0.131093333333333,0.0676266666666667,0.294613333333333,0.264,0.242666666666667
19573,0.123523206751055,0.0391350210970464,0.678270042194093,0.0782700421940928,0.0808016877637131
19585,0.121202564911174,0.0295385262272679,0.54241564175339,0.113633974561127,0.193209292547041
19622,0.0760313315926893,0.0243342036553525,0.538903394255875,0.0980678851174935,0.26266318537859
19693,0.0179573512906846,0.0254055708601163,0.753188450158147,0.0145903479236813,0.188858279767371
19698,0.188370362496014,0.0722865950887637,0.381205485276921,0.145104709259062,0.213032847879239
19701,0.107966680905596,0.033105510465613,0.421187526697992,0.115762494660402,0.321977787270397
19743,0.145918260687781,0.0489181561618062,0.563813107557228,0.134002299571443,0.107348176021741
19760,0.077983088005011,0.0262031527299301,0.592859379893517,0.102202735149807,0.200751644221735
19780,0.0717384403766797,0.0299439212781716,0.693471590307904,0.0531160723732938,0.151729975663951
19807,0.0924352114153814,0.0868744098205854,0.366173538978072,0.187703284020564,0.266813555765397
19809,0.120447609359105,0.0271617497456765,0.675686673448627,0.123499491353001,0.0532044760935911
19821,0.158954584404456,0.0473436161096829,0.707047986289632,0.0458440445586975,0.0408097686375321
19824,0.0903501458941226,0.0627344726969571,0.595248020008337,0.123488953730721,0.128178407669862
19845,0.116842759477937,0.0336648021545473,0.700745804847732,0.0774808369587736,0.071265796561011
20001,0.128145973154362,0.0686870805369127,0.41935822147651,0.100566275167785,0.28324244966443
20011,0.0982755038437565,0.0428007479742364,0.340847704134635,0.0958861416995637,0.422189902347808
20013,0.137813564571075,0.040466604727986,0.388149065758233,0.0517187983895943,0.381851966553112
20032,0.0837498724880139,0.0107110068346425,0.535142303376517,0.0335611547485464,0.33683566255228
20045,0.151774659513,0.0452950887329756,0.520429219975237,0.046223689640941,0.236277342137846
20060,0.152530070510162,0.0425134798838656,0.349128992119453,0.0876192451265035,0.368208212360017
20175,0.137376615447237,0.0211661748244632,0.415487941385977,0.0727587259590923,0.35321054238323
20178,0.16528162511542,0.0204165384220786,0.372011901097774,0.0633015286754899,0.378988406689238
20228,0.143751925248999,0.0143751925248999,0.518123010576034,0.0654071259882945,0.258342745661772
20238,0.0897541830200372,0.0227225779797563,0.46405701301384,0.0726089650898575,0.350857260896509
20250,0.152357422277126,0.0251183858348775,0.564546016059296,0.0528103767757875,0.205167799052913
20295,0.0531914893617021,0.0101317122593718,0.555420466058764,0.0887537993920973,0.292502532928065
20310,0.0828371461401859,0.0250705108116578,0.595424631776872,0.09328319231171,0.203384518959574
20383,0.07735368956743,0.0124173027989822,0.558371501272265,0.0493638676844784,0.302493638676845
20400,0.228273225173091,0.0394750439185698,0.540663428748579,0.0583858633874135,0.133202438772347
20443,0.0770561889250814,0.0189332247557003,0.582145765472313,0.0656555374592834,0.256209283387622
20517,0.113018597997139,0.0288166768853464,0.651440833844267,0.0407725321888412,0.165951359084406
20550,0.0833504836386088,0.0236674212800988,0.539205597859642,0.0513480139946491,0.302428483227001
20570,0.141603880689442,0.0247703581380947,0.483125193518423,0.0345752915677573,0.315925276086283
20614,0.137995241543395,0.0295851867176994,0.336402193027827,0.0845143270921692,0.41150305161891
20621,0.0608080393765381,0.0235849056603774,0.489643150123052,0.0466570959803117,0.379306808859721
20710,0.141025641025641,0.0458619970815093,0.352824682092975,0.11872003335418,0.341567646445695
20750,0.0452318916102136,0.0546117769671704,0.514330380406462,0.0609692548202189,0.324856696195935
20770,0.139276910435497,0.0283483976992605,0.349835661462613,0.158073130649137,0.324465899753492
20787,0.083528572883773,0.00651930324946521,0.668941631863095,0.0396251400631557,0.201385351940511
23001,0.0896102531778548,0.0363483559197395,0.331022166193928,0.119340266834752,0.423678957873726
23068,0.0580169855724957,0.0143251816228384,0.514683311163409,0.0634400900439988,0.349534431597258
23079,0.0637974683544304,0.0126582278481013,0.656911392405063,0.0396962025316456,0.22693670886076
23090,0.0442387877555171,0.00986474117766704,0.733245194752364,0.047289738635208,0.165361537679243
23162,0.102431834929993,0.0392672912938204,0.384250973786714,0.128645120539004,0.345404779450468
23168,0.0460674157303371,0.0106230847803882,0.665372829417773,0.0723186925434116,0.20561797752809
23182,0.0493255071568325,0.0176088971269694,0.460096797446195,0.0716713005869632,0.40129749768304
23189,0.0726397320494034,0.0323424743562906,0.48566045635336,0.0884446305212476,0.320912706719699
23300,0.0457131247460382,0.019199512393336,0.501930109711499,0.0638967899227956,0.369260463226331
23350,0.052148819952592,0.0401937545089148,0.679789755745646,0.0528702463155725,0.174997423477275
23417,0.0650448407380682,0.016905473662509,0.622822389444387,0.0594784042882177,0.235748891866818
23419,0.0294147376933185,0.0142525017689275,0.637420398261397,0.0740927928838573,0.2448195693925
23464,0.0594979857452742,0.017353579175705,0.544778431980167,0.0790207623179424,0.299349240780911
23466,0.105661965901915,0.0655651441801726,0.570300989265418,0.0897705746158703,0.168701326036624
23500,0.0551597801750458,0.0144514553226135,0.553836759617342,0.0247303073478526,0.351821697537146
23555,0.0481827622014538,0.0202492211838006,0.588888888888889,0.120145379023884,0.222533748701973
23570,0.0410078547383454,0.0232581862695093,0.656533714169132,0.0733448944200755,0.205855350402938
23574,0.0451448906964921,0.014133197763091,0.603152008134215,0.0560244026436197,0.281545500762583
23580,0.0854552862090039,0.0212874312487268,0.737013648400896,0.0420655938072927,0.11417804033408
23586,0.0556631664797635,0.0204913854623305,0.58140483229687,0.11683148129269,0.225609134468345
23660,0.0593368237347295,0.0190945488142901,0.680936248845088,0.0449645826917154,0.195667795914177
23670,0.0376420454545455,0.0200892857142857,0.678165584415584,0.150568181818182,0.113534902597403
23672,0.0469627360898418,0.0210311383358857,0.616334864726901,0.0516590096988259,0.264012251148545
23675,0.0506484223424895,0.0212396609823343,0.667007045849076,0.0335954253037884,0.227509445522312
23678,0.0652173913043478,0.0194724912425304,0.455800535751082,0.0942715845868535,0.365237997115187
23686,0.0487654953385924,0.0200799098453027,0.571560290953796,0.107570945599836,0.252023358262473
23807,0.0853797533934307,0.0272510620661071,0.586467723551964,0.0588540047663455,0.242047456222153
23855,0.0329580348004094,0.0136131013306039,0.666530194472876,0.0550665301944729,0.231832139201638
25001,0.140880768824586,0.0356954271834407,0.390854366881402,0.177843489280811,0.25472594782976
25019,0.0974107329296304,0.0354980162873251,0.145228648987262,0.295886406347881,0.425976195447901
25035,0.065936337329475,0.0371021083092187,0.27242662257131,0.09725093013642,0.527284001653576
25040,0.0793367614650016,0.035575611291846,0.243467310315878,0.127610452303495,0.51400986462378
25053,0.0945651044372857,0.047802140704562,0.1323911462122,0.29543801309363,0.429803595552323
25095,0.0389312180356956,0.0295376265525519,0.264481786869847,0.155829245381484,0.511220123160422
25099,0.136045029736619,0.0617034834324554,0.248937977909941,0.2589209855565,0.294392523364486
25126,0.187520172135557,0.145131791285637,0.148789671866595,0.295212479827864,0.223345884884346
25148,0.0301242236024845,0.0126293995859213,0.263457556935818,0.106418219461698,0.587370600414079
25151,0.149460545800719,0.0464353712714195,0.116247091178337,0.24011000634652,0.447746985403004
25175,0.172309682984688,0.172201854647401,0.17371145136942,0.243907698943282,0.237869312055208
25178,0.105728246179437,0.0275496413348581,0.13390165297848,0.160827528849153,0.571992930658073
25181,0.105625595931772,0.0483102023519441,0.10244729314546,0.224388176713635,0.519228731857188
25183,0.116038433111604,0.0386442825467216,0.131981839298912,0.441241685144124,0.272093759898638
25214,0.159565310953303,0.149989240370131,0.175489563159027,0.234452334839682,0.280503550677857
25245,0.107002685395579,0.0335674447428217,0.246230117744268,0.164738690353233,0.448461061764098
25260,0.0927824157244003,0.0499841487900243,0.126069956673359,0.25467610694283,0.476487371869386
25269,0.19728555917481,0.0890336590662324,0.143539630836048,0.290879478827362,0.279261672095548
25279,0.0754462432544624,0.0321710253217103,0.103258613532586,0.120174346201743,0.668949771689498
25286,0.187561267835748,0.0908397778019824,0.180154667247577,0.280470536978543,0.260973750136151
25290,0.165126898162897,0.068386959753637,0.185515556971435,0.163321652330891,0.41764893278114
25293,0.0599916822624246,0.0274485339987523,0.294135995009357,0.117592014971928,0.500831773757538
25299,0.0514469453376206,0.0210559070635826,0.190747847733638,0.187324966289804,0.549424333575355
25307,0.144614079728584,0.0733672603901612,0.281700593723494,0.178753180661578,0.321564885496183
25312,0.13622690159003,0.0501718951439622,0.180812204555221,0.100880962612806,0.53190803609798
25317,0.134873902899678,0.0656593711809799,0.171203199644484,0.374736140428841,0.253527385846017
25320,0.0857417084355337,0.0437240055454836,0.25743841313853,0.155380185560414,0.457715687320038
25322,0.16183912996662,0.0540540540540541,0.132227845375256,0.349628512975126,0.302250457628944
25324,0.0677895177319803,0.0139135892875824,0.459148446490219,0.0693587195313317,0.389789726958887
25326,0.0955974842767296,0.0580712788259958,0.0960167714884696,0.407337526205451,0.342976939203354
25328,0.0839529120198265,0.0306691449814126,0.186596447748864,0.208488228004957,0.49029326724494
25335,0.0631796996374935,0.0239254272397721,0.114862765406525,0.137338166752978,0.660693940963232
25368,0.0432913724286153,0.0121788967352369,0.290041960904718,0.0622249513867567,0.592262818544673
25372,0.0831852858187898,0.023826941164176,0.173163339951928,0.153621068032187,0.566203365032919
25377,0.288430377011991,0.110186885600086,0.144755320298153,0.256994706708437,0.199632710381333
25386,0.106349538977368,0.0589899413243923,0.29861693210394,0.145431684828164,0.390611902766136
25394,0.041002277904328,0.0169807413543177,0.442845309587906,0.0641954856077863,0.434976185545662
25398,0.0218506360279032,0.00697578990562167,0.106175625769389,0.0934550677061961,0.77154288059089
25402,0.0973950026581606,0.0503987240829346,0.262413609782031,0.150345560871877,0.439447102604997
25426,0.0800589908353524,0.0507742547139998,0.165279679764037,0.222058358790688,0.481828715895923
25430,0.186675249436756,0.0808926080892608,0.139470013947001,0.324643278618174,0.268318849908808
25436,0.0569281449454396,0.0163681284743669,0.236874613959234,0.242536545192506,0.447292567428454
25438,0.0404061121936212,0.0234847707927392,0.147061839811301,0.159368269921034,0.629679007281305
25473,0.193541419159736,0.0921265795442272,0.178204989739713,0.257911221514202,0.278215790042121
25486,0.138765588670471,0.0768336503910378,0.196681462692877,0.380786303107165,0.206932995138449
25488,0.0904800984817398,0.0356996306934756,0.337299958965942,0.116434140336479,0.420086171522364
25489,0.0323313707261646,0.0220018593120545,0.210515442619564,0.106393967565334,0.628757359776883
25491,0.145448758752387,0.0478463823467006,0.202524931041799,0.145024400594101,0.459155527265012
25506,0.146527117031399,0.0227296754413786,0.247489163759383,0.121048736652923,0.462205307114917
25513,0.0581971534001054,0.0323668950975224,0.273062730627306,0.21201897733263,0.424354243542435
25524,0.103597567261107,0.0302030718482631,0.307494072776002,0.176373569735079,0.382331718379548
25530,0.0527184566181781,0.0230062932012793,0.218817703497369,0.119158155369855,0.586299391313319
25535,0.316804979253112,0.0372406639004149,0.196887966804979,0.175207468879668,0.273858921161826
25572,0.15227415636135,0.0432823307482708,0.260217983651226,0.129218193250891,0.415007335988262
25580,0.0333025924787376,0.0199815554872425,0.230249000922226,0.0818731427400348,0.634593708371759
25594,0.133361379890618,0.0237694572991165,0.100652082456878,0.249263777871266,0.49295330248212
25596,0.0566134316134316,0.0164823914823915,0.17454954954955,0.0822072072072072,0.67014742014742
25599,0.0825157492512651,0.0196220179696375,0.347516265620159,0.0970773520603119,0.453268615098626
25645,0.121748178980229,0.0640998959417274,0.270551508844953,0.165660770031217,0.377939646201873
25658,0.074970797493894,0.0672188595093979,0.155782096208984,0.162790697674419,0.539237549113306
25718,0.0755148741418764,0.0340128978572915,0.202413147493239,0.226544622425629,0.461514458081964
25736,0.175808870794943,0.0580672809085065,0.122134133276195,0.422969787872295,0.221019927148061
25740,0.208497918223551,0.074837194405893,0.140813494181702,0.290487882993488,0.285363510195367
25743,0.114004149377593,0.0400414937759336,0.205705394190871,0.114004149377593,0.526244813278008
25745,0.0920296667711271,0.0521257703959052,0.153452418259689,0.415961558550089,0.28643058602319
25754,0.226833976833977,0.0812955812955813,0.211282711282711,0.217717717717718,0.262870012870013
25758,0.167621931437223,0.125446090623986,0.172488374607981,0.356223640099492,0.178219963231318
25769,0.0906079709370659,0.0759696548776579,0.114969548028636,0.314349823699113,0.404103002457528
25772,0.1977089520577,0.0571701315231226,0.161327959270259,0.464361476453118,0.1194314806958
25781,0.117110427495492,0.051872281743927,0.086453802906545,0.442876843110215,0.301686644743821
25785,0.182151721161109,0.101974749109744,0.15280025898349,0.302579043919283,0.260494226826373
25793,0.0670408481446835,0.0254651283650348,0.0607005508782871,0.55264525517098,0.294148217441014
25797,0.0964876033057851,0.046797520661157,0.307438016528926,0.147830578512397,0.401446280991736
25799,0.14829681058798,0.112714254719028,0.176827945324365,0.258298980256021,0.303862009112606
25805,0.109797125089204,0.0222244877153634,0.270058109899072,0.0922622081761647,0.505658069120196
25815,0.0781657113079729,0.0294945284002084,0.361229807191245,0.105054715997916,0.426055237102658
25817,0.146737400530504,0.0624933687002652,0.135172413793103,0.418992042440318,0.236604774535809
25839,0.0860204081632653,0.0125510204081633,0.269591836734694,0.247142857142857,0.38469387755102
25841,0.131877362452751,0.0301343973120538,0.161486770264595,0.193721125577488,0.482780344393112
25843,0.123245614035088,0.0653508771929825,0.0817982456140351,0.535855263157895,0.19375
25845,0.11670359818508,0.0425240054869685,0.177376807006437,0.103197214308325,0.56019837501319
25862,0.0369989722507708,0.0212744090441932,0.203391572456321,0.0991778006166495,0.639157245632066
25873,0.110640998519145,0.0495028559339962,0.0698117199069177,0.407658134123123,0.362386291516818
25875,0.0674086518269635,0.0389542209155817,0.178601427971441,0.143007139857203,0.572028559428811
25878,0.114769136683315,0.0208949138721843,0.26123738660687,0.0609519926612985,0.542146570176333
25885,0.0301347320785766,0.0190270492646303,0.318934485241181,0.0355857245706058,0.596318008845007
25898,0.0917757988475642,0.0426401257202724,0.274803562074384,0.234258774227344,0.356521739130435
25899,0.242691011846538,0.120204325616781,0.165416802521465,0.302575806977502,0.169112053037713
27001,0.108198489751888,0.0546925566343042,0.454908306364617,0.112837108953614,0.269363538295577
27006,0.021270068514163,0.0208610287350445,0.665405460681051,0.0421310972492075,0.250332344820534
27050,0.0589287593391561,0.0303062190887088,0.619488582552878,0.0826054930022098,0.208670946017047
27160,0.048960498960499,0.035966735966736,0.525155925155925,0.165488565488565,0.224428274428274
27205,0.129339905700814,0.0533647663951993,0.306579511358766,0.266609515645092,0.244106300900129
27361,0.137010096623602,0.0530886982955162,0.320486374986429,0.23862772771686,0.250787102377592
27787,0.0665698880132725,0.0202198257984239,0.424097884695147,0.230920779759436,0.25819162173372
27810,0.0694719300072909,0.0338506405582752,0.42839287574211,0.202062285178627,0.266222268513696
41001,0.253333333333333,0.110341207349081,0.157795275590551,0.155905511811024,0.322624671916011
41006,0.0603055752301933,0.0123444298289993,0.0320752807851867,0.0608114944854801,0.834463219670141
41013,0.0903747244673034,0.0278156817466149,0.187992022672405,0.328749868793954,0.365067702319723
41016,0.151619644723093,0.0673981191222571,0.218181818181818,0.12183908045977,0.440961337513062
41020,0.127214337511654,0.0429918160157464,0.305293691080493,0.0658862529783487,0.458613902413757
41026,0.156078514140988,0.0308146897425074,0.17043056141832,0.189953566905867,0.452722667792317
41078,0.196605960264901,0.0451158940397351,0.204470198675497,0.0919908940397351,0.461817052980132
41132,0.17367420240862,0.0662370589478132,0.210120431016269,0.115994084090429,0.433974223536869
41206,0.0929898388586678,0.0302781484142461,0.170378733449656,0.108590783126347,0.597762496151083
41244,0.0735772357723577,0.0425813008130081,0.0681910569105691,0.166565040650407,0.649085365853659
41298,0.161585041963242,0.0705407415276745,0.0811643471794327,0.210241155848295,0.476468713481356
41306,0.159667403431218,0.0412588148615935,0.104094305862541,0.131249342174508,0.56373013367014
41349,0.137503969514131,0.0463639250555732,0.125330792844289,0.14745421827035,0.543347094315656
41357,0.211352531448175,0.0583220709013411,0.131510552032436,0.186193991059362,0.412620854558686
41359,0.161253854059609,0.0394655704008222,0.0850976361767729,0.138848920863309,0.575334018499486
41378,0.327254202750891,0.0405501782985227,0.0557310239429445,0.181049414161997,0.395415180845644
41396,0.157813305827746,0.0401237751418257,0.0894275399690562,0.163898916967509,0.548736462093863
41518,0.0552316661552624,0.0387644471719341,0.0562544747877672,0.28413623810985,0.565613173775187
41524,0.186552542023306,0.0673404145612045,0.116737135196453,0.203774363205115,0.425595545013922
41530,0.088589361045375,0.0338512192612409,0.0519600781973454,0.120485646671468,0.70511369482457
41548,0.159167776980629,0.0420211130470431,0.0607768781387722,0.299784769908783,0.438249461924772
41551,0.168627852245984,0.05269620382687,0.066202803642689,0.125447661925714,0.587025478358743
41615,0.213164503976559,0.0696944328170783,0.196421096693177,0.167643365424864,0.353076601088322
41668,0.205227391531626,0.0330371144798745,0.0982749607945635,0.112388917929953,0.551071615263983
41676,0.0637713588283157,0.0352929210740439,0.0528885272579333,0.120829943043124,0.727217249796583
41770,0.121926334047546,0.0308131823283338,0.0697887970615243,0.113559840832568,0.663911845730028
41797,0.102487046632124,0.0427979274611399,0.0559585492227979,0.228704663212435,0.570051813471503
41799,0.133998130258648,0.0484055261244417,0.213254388698452,0.0832034901838579,0.521138464734601
41801,0.0768351008525681,0.0498024537325847,0.0755874402162612,0.140569765023913,0.657205240174672
41807,0.0949152542372881,0.0318438623523369,0.0780688238315357,0.160246533127889,0.63492552645095
41872,0.207289055973266,0.0361319966583124,0.302631578947368,0.127715121136174,0.326232247284879
41885,0.232802547770701,0.0873673036093418,0.102229299363057,0.234394904458599,0.343205944798301
44001,0.126317987263806,0.0601315377388036,0.516129032258065,0.0860215053763441,0.211399937362982
44035,0.189897100093545,0.094792641097599,0.315455773828084,0.131691092402037,0.268163392578734
44078,0.105707809602308,0.0663507109004739,0.501030290541933,0.0720173088811045,0.254893880074181
44090,0.0746677488079537,0.0310439281728721,0.657806634878766,0.0544790504210206,0.182002637719387
44098,0.111695544554455,0.0289810231023102,0.504744224422442,0.0771452145214521,0.27743399339934
44110,0.0356415478615071,0.0205702647657841,0.731059063136456,0.0397148676171079,0.173014256619145
44279,0.137281153450052,0.0375901132852729,0.594026776519053,0.0596292481977343,0.171472708547889
44378,0.10070761973131,0.10850169213414,0.550610193826274,0.0851194749256487,0.155061019382627
44420,0.0494366054207695,0.0178662064764998,0.687747436808446,0.0274083849355395,0.217541366358745
44430,0.146766169154229,0.0450870646766169,0.430037313432836,0.120128524046434,0.257980928689884
44560,0.0940397350993377,0.0500254712175242,0.504024452368823,0.111462047885889,0.240448293428426
44650,0.080626751063609,0.0557227352910657,0.309639929438622,0.0713915118812909,0.482619072325412
44847,0.071530612244898,0.0905102040816326,0.508265306122449,0.0912244897959184,0.238469387755102
44855,0.0975559451376714,0.0680622873053522,0.504176549448283,0.0878622254305455,0.242342992678148
44874,0.0793683347005742,0.0338392124692371,0.551066447908121,0.0490155865463495,0.286710418375718
47030,0.0406189555125725,0.0114018120737046,0.666700600631172,0.0654586175302861,0.215820014252265
47053,0.107094769549456,0.0302433972035215,0.517969963749353,0.0708441222164682,0.273847747281201
47058,0.0379185986604843,0.0218444100978877,0.572797527047914,0.0525502318392581,0.314889232354456
47161,0.0176304654442877,0.00594398549264558,0.865101752971993,0.00987306064880113,0.101450735442273
47170,0.0389164055392702,0.00960274941878096,0.527443647023148,0.0211260487213181,0.402911149297483
47189,0.167463120714731,0.0340743818824018,0.393933097859963,0.0957822563889466,0.308747143153958
47205,0.0146718922721335,0.00773791578735805,0.842528389106622,0.0207014370415034,0.114360365792383
47245,0.0656622213173165,0.0262648885269266,0.51511758118701,0.0527333808408836,0.340221928127863
47258,0.0206237935588743,0.00487656202377324,0.768160113786447,0.0280402316366961,0.178299298994209
47268,0.0440430282118936,0.0105540897097625,0.764359650903186,0.0300385630200934,0.151004668155064
47288,0.0526205670049168,0.0328486243330892,0.396694214876033,0.0557589706036196,0.462077623182341
47318,0.0635065329687025,0.03281677301732,0.598399675883723,0.104932644586245,0.200344373544009
47541,0.0257312292692733,0.0083425469896472,0.585184440647301,0.0133681777063021,0.367373605387476
47545,0.0874377983142074,0.0151315121356758,0.461968112115365,0.0420432619071799,0.393419315527572
47551,0.0368060525508639,0.0129843574276659,0.811982414886003,0.0250485635415602,0.113178611593907
47555,0.0529706513958482,0.0123734533183352,0.598118417016055,0.0426423969731056,0.293895081296656
47570,0.0690321268808459,0.0129117527450183,0.613562423749492,0.0740138267588451,0.230479869865799
47605,0.0175473981444131,0.0036304961678096,0.862343686970553,0.0105889471561113,0.105889471561113
47660,0.00858152448258455,0.00858152448258455,0.64432104997476,0.0305906108026249,0.307925290257446
47692,0.111885287286681,0.0144400686660608,0.627284661213774,0.0299909118448955,0.216399070988589
47703,0.0446392583635631,0.00785973397823458,0.809149536477227,0.0236799677549375,0.114671503426038
47707,0.0398288682897015,0.0205765508811246,0.469695426301314,0.0371804013446063,0.432718753183253
47745,0.0404389351757773,0.0113798008534851,0.751168461694778,0.045417598049177,0.151595204226783
47798,0.0430738119312437,0.011324570273003,0.768857431749242,0.0258847320525784,0.150859453993933
47960,0.0131592164741336,0.0113510798593672,0.571270718232044,0.0191863385233551,0.3850326469111
47980,0.115262239556605,0.0231961408190496,0.533819152211844,0.0782099969208663,0.249512470491635
50001,0.170417669841934,0.0811263477441641,0.142887051188108,0.204647754632053,0.40092117659374
50006,0.113057157839539,0.0567383324593603,0.116203460933403,0.228421604614578,0.48557944415312
50110,0.0822416302765648,0.0390933666042836,0.245061343314618,0.139530047826991,0.494073611977542
50124,0.0420342501297353,0.0196159833938765,0.257913855734302,0.0736896730669434,0.606746237675143
50150,0.0789887758313228,0.0526591838875485,0.142032938214623,0.271792720025176,0.45452638204133
50223,0.0392578925789258,0.024190241902419,0.121771217712177,0.214842148421484,0.599938499384994
50226,0.111979166666667,0.0442708333333333,0.139583333333333,0.2209375,0.483229166666667
50245,0.0388922826308288,0.0220932600285074,0.151700264711871,0.0817552433312971,0.705558949297495
50251,0.163572607260726,0.0208333333333333,0.334777227722772,0.1059199669967,0.374896864686469
50287,0.0862483032264801,0.0290278792941422,0.273154432494518,0.0913647279941527,0.520204656990707
50313,0.106240167802832,0.0499213424226534,0.239014158363922,0.0905086523335081,0.514315679077084
50318,0.0687467498699948,0.0355694227769111,0.121788871554862,0.188559542381695,0.585335413416537
50325,0.0468684759916493,0.0223382045929019,0.36972860125261,0.0855949895615866,0.475469728601253
50330,0.122127037191809,0.0275804429586293,0.325637275386544,0.0892185541161722,0.435436690346845
50400,0.0717102532171025,0.0181610626816106,0.290784557907846,0.066417600664176,0.552926525529265
50450,0.0515881253892464,0.0243927755864646,0.420905127672825,0.0550134938758563,0.448100477475607
50568,0.109997868258367,0.0583031336602004,0.231293967171179,0.141014709017267,0.459390321892987
50573,0.0933278333505208,0.0445498607816851,0.17531195215015,0.122512117149634,0.564298236568011
50577,0.0529766860949209,0.0292464612822648,0.277477102414654,0.0798293089092423,0.560470441298918
50590,0.0911455623764437,0.0203932993445011,0.266361460826137,0.0790760586827593,0.543023618770159
50606,0.0974364318466028,0.0646102542726136,0.130471029595665,0.237077949145477,0.470404335139642
50680,0.0723567938455141,0.0356585923692692,0.197941573968188,0.118931281838029,0.575111757979
50683,0.0606818892711917,0.0210614117401731,0.346366385152747,0.0602648316129705,0.511625482222917
50689,0.0980495519240907,0.0463890353189246,0.188929889298893,0.183447548761202,0.48318397469689
50711,0.0651455379038277,0.0212176138181043,0.299285638127732,0.0903081351956499,0.524043074954686
52001,0.256558237145855,0.0772298006295908,0.369150052465897,0.130849947534103,0.166211962224554
52019,0.0688524590163934,0.0286885245901639,0.107684426229508,0.0433401639344262,0.751434426229508
52022,0.219711887242201,0.066328116903306,0.346668048502435,0.177945901129651,0.189346046222406
52036,0.15472481827622,0.0308411214953271,0.550778816199377,0.103634475597092,0.160020768431983
52051,0.0844453711426188,0.0296080066722269,0.183277731442869,0.0744370308590492,0.628231859883236
52079,0.0974039679189531,0.0201561840439004,0.571760236386661,0.0630012663571127,0.247678345293373
52110,0.0887580078528622,0.0307914858441827,0.316284356271957,0.116036371151064,0.448129778879934
52207,0.103155467030087,0.0305063423838977,0.481706677848831,0.101582975154628,0.283048537582556
52215,0.388483965014577,0.0597667638483965,0.246147438567264,0.188254893794252,0.11734693877551
52224,0.16154916015834,0.0820584144645341,0.334438857387397,0.196747619557077,0.225205948432652
52227,0.121284308648369,0.0739513205592957,0.498601760745728,0.12739513205593,0.178767477990678
52233,0.0872859366891541,0.0249091852620654,0.790140114167099,0.06476388168137,0.0329008822003114
52240,0.135305679114513,0.0438605565325334,0.468811420295852,0.137684907416986,0.214337436640116
52250,0.202518789356084,0.0127970749542962,0.708511070485476,0.032297379646557,0.0438756855575868
52254,0.0780447730540152,0.025569932224276,0.759704251386322,0.0507291024851099,0.0859519408502772
52256,0.0581903117700823,0.0113740225449375,0.828272570325988,0.0387935411800548,0.0633695541789377
52258,0.0614796445546601,0.0276916718330234,0.400082661706964,0.0663360198388097,0.444410002066543
52260,0.137534927041292,0.0450170754424092,0.530166614922902,0.110317706716341,0.176963675877057
52287,0.0534886117695558,0.0287539936102236,0.67185406575286,0.0826548490157683,0.163248479851592
52317,0.111648444070648,0.0552985702270816,0.548465096719933,0.115433137089992,0.169154751892346
52320,0.125601842160352,0.0462633451957295,0.530981787732887,0.141302072430396,0.155850952480636
52323,0.440239043824701,0.0745905267817618,0.110225763612218,0.197985834440018,0.176958831341301
52352,0.176440169614231,0.122970317509567,0.343779087806392,0.145620022753129,0.211190402316682
52354,0.104405930256839,0.0604510336187095,0.386197536020046,0.187408644811025,0.261536855293381
52356,0.24201875460963,0.174059635444105,0.196712675165947,0.189126540933516,0.198082393846802
52378,0.125469728601253,0.0286012526096033,0.359498956158664,0.0695198329853862,0.416910229645094
52381,0.183589743589744,0.0225641025641026,0.531794871794872,0.0592820512820513,0.202769230769231
52385,0.0866510538641686,0.0191611667021503,0.720885671705344,0.0529061102831595,0.120395997445178
52399,0.156601197353219,0.0422224556244092,0.191156391135385,0.0890662745509925,0.520953681335994
52405,0.0910668708524758,0.0169474221541603,0.788871873404798,0.0379785604900459,0.0651352730985196
52411,0.0730626545754328,0.0142209398186315,0.813066776586974,0.0333882934872218,0.0662613355317395
52418,0.126380495936653,0.0312565117732861,0.651698270473015,0.105438633048552,0.0852260887684934
52435,0.18442580511546,0.0384177280729005,0.603085844465155,0.0824272548410479,0.0916433675054365
52490,0.0569337128914193,0.010878405856039,0.824115494103294,0.035583570557137,0.0724888165921106
52506,0.0808209034169047,0.0429493282555802,0.518882894319264,0.105680736274199,0.251666137734053
52520,0.0499898187741804,0.00946854001221747,0.86163714111179,0.0194461413154144,0.0594583587863979
52540,0.0559254327563249,0.015466557410632,0.879033084093004,0.0169005428659224,0.0326743828741166
52560,0.310138344001652,0.07433409043981,0.228783811686971,0.185009291761305,0.201734462110262
52573,0.212966938600258,0.0489480463718334,0.372370115929584,0.17657793044225,0.189136968656076
52585,0.344661212502622,0.103314453534718,0.132787916928886,0.238619676945668,0.180616740088106
52612,0.207854606225193,0.0454355546271151,0.456131188635889,0.110298725715479,0.180279924796323
52678,0.100686264467889,0.0184369558537335,0.803953702755301,0.0258117381952269,0.0511113387278501
52683,0.0993425107869324,0.0265050339017875,0.683480583521677,0.0592767618656256,0.131395109923978
52685,0.0755638706995115,0.0390811765928698,0.259016734227211,0.0468766240515539,0.579461594428853
52687,0.147412441191845,0.039832723470988,0.422477783585991,0.0934657605854678,0.296811291165708
52693,0.156184922948771,0.0283215326947105,0.547584339858392,0.0692419825072886,0.198667221990837
52694,0.0867514356029533,0.0444011484823626,0.188063986874487,0.0531173092698934,0.627666119770304
52699,0.0985145450794306,0.0362079636888797,0.754177841964102,0.0362079636888797,0.0748916855787085
52720,0.146356589147287,0.0956072351421189,0.40764857881137,0.126201550387597,0.224186046511628
52786,0.15586164043082,0.0273405136702568,0.532622203811102,0.186516155758078,0.0976594863297432
52788,0.132587528485602,0.0446447068572612,0.513673088875078,0.105448518748705,0.203646157033354
52835,0.0605371900826446,0.0264462809917355,0.557851239669422,0.0973140495867769,0.257851239669422
52838,0.200787820717556,0.0603641009262217,0.395294368146492,0.230064941978069,0.113488768231662
52885,0.149286383998333,0.0306281904365038,0.431190749036358,0.0967809146786124,0.292113761850193
54001,0.0932724957555178,0.0887096774193548,0.301782682512733,0.230263157894737,0.285971986417657
54003,0.0638606676342525,0.0283018867924528,0.266950031100975,0.0751606883682355,0.565726726104085
54099,0.0491441772550667,0.0181665441562533,0.430851622387903,0.116139871889111,0.385697784311666
54172,0.0796842105263158,0.0566315789473684,0.207368421052632,0.348631578947368,0.307684210526316
54206,0.29886744966443,0.0465604026845638,0.308934563758389,0.12804110738255,0.217596476510067
54245,0.0871305418719212,0.0237068965517241,0.502360426929392,0.0262725779967159,0.360529556650246
54261,0.0601905160682508,0.0461635088453889,0.348686276562336,0.204752433790432,0.340207264733592
54377,0.0682498709344347,0.00939597315436242,0.300980898296335,0.149509550851833,0.471863706763036
54385,0.0598508834644061,0.0168522112143806,0.248187110611786,0.168113573690124,0.506996221019303
54398,0.0754895767530006,0.0268477574226153,0.337755316908823,0.1452937460518,0.414613602863761
54405,0.0885808022012911,0.0824425865170918,0.266694888347973,0.225314848132077,0.336966874801566
54480,0.047066141405764,0.0252954592577234,0.168256272029857,0.278975741239892,0.480406386066763
54498,0.163644032053986,0.079291438211725,0.2313369886124,0.173450021088148,0.352277520033741
54518,0.198895614314538,0.0803865349899119,0.143463948178826,0.264733991717107,0.312519910799618
54520,0.0317427169259685,0.0181685287668372,0.17625561240472,0.460060561762556,0.313772580139919
54553,0.03167973922787,0.00794540083528573,0.38718549455027,0.0752775797086686,0.497911785677906
54660,0.0417313865589728,0.029201615408512,0.324531427979704,0.318111214662939,0.286424355389873
54673,0.0696751279640656,0.0330095059020161,0.413141126083777,0.137992269925833,0.346181970124308
54720,0.0394969337906663,0.0271281571562208,0.234694938156117,0.194886186467103,0.503793784429893
54800,0.509542969152997,0.0114515629835964,0.303930671618694,0.0916125038687713,0.0834622923759414
54810,0.149155722326454,0.037940379403794,0.405253283302064,0.232958098811757,0.174692516155931
54874,0.0670443814919736,0.067359143846396,0.347497639282342,0.156436890147938,0.36166194523135
63001,0.153571041508616,0.144900834507424,0.239731223582963,0.180448683212312,0.281348217188685
63111,0.078314512756169,0.134776244249268,0.336992890004182,0.205562526139691,0.24435382685069
63130,0.122118580465316,0.0974589900289482,0.239198027232765,0.171116114506272,0.370108287766699
63190,0.107805502239283,0.090424397526125,0.270526764768607,0.1787161441672,0.352527191298784
63272,0.0941675503711559,0.143478260869565,0.254612937433722,0.220890774125133,0.286850477200424
63302,0.0980819077242094,0.0421980300673924,0.280974598237429,0.183203732503888,0.395541731467081
63401,0.162734102211406,0.0848587451063379,0.284625965506296,0.143265262935139,0.324515924240821
63470,0.105599318714073,0.0767511177347243,0.301788375558867,0.151160315094741,0.364700872897594
63548,0.089938866438711,0.0326391047559838,0.249404206817946,0.215210858978344,0.412806963009015
63594,0.134301462794149,0.0704897180411278,0.324570701717193,0.185499258002968,0.285138859444562
63690,0.0890520268113629,0.108309394616449,0.237578465794233,0.117565698478562,0.447494414299394
66001,0.155024641097064,0.120955646025284,0.209556460252839,0.215341761302764,0.299121491322048
66075,0.0513665851324046,0.0400935871530363,0.32776773370201,0.1125172817186,0.468254812293949
66088,0.0873725816517579,0.035781152485958,0.0927813605159143,0.286561264822134,0.497503640524235
66170,0.141535814153581,0.104538610453861,0.215100021510002,0.238115723811572,0.300709830070983
66318,0.0594814969684299,0.0318837549655028,0.108195693079657,0.215346017144052,0.585093037842358
66383,0.0746780224345659,0.0299127544661404,0.143124221022019,0.330286663896967,0.421998338180307
66400,0.139334679562121,0.0542034222552875,0.280263577425869,0.232011903496652,0.29418641726007
66440,0.0763567522086664,0.0428060580563736,0.17869162810265,0.258939840134624,0.443205721497686
66456,0.110537723191248,0.020125915987202,0.256992465682733,0.26669418928682,0.345649705851997
66572,0.0513374485596708,0.0229423868312757,0.427572016460905,0.210493827160494,0.287654320987654
66594,0.227535301668806,0.0554129225502781,0.327021822849807,0.0835472828412495,0.306482670089859
66682,0.131382978723404,0.0859574468085106,0.163510638297872,0.296063829787234,0.323085106382979
66687,0.0665490033222591,0.0454734219269103,0.181374584717608,0.316237541528239,0.390365448504983
68001,0.189376937052474,0.103451961098643,0.268141498343486,0.187880731003527,0.25114887250187
68051,0.0853195528369542,0.0271039865007382,0.301940518877874,0.120227800042185,0.465408141742248
68077,0.161949350925729,0.048733773143222,0.321983400723558,0.155139391359864,0.312194083847627
68079,0.103744233451346,0.053642313056539,0.221113614419054,0.229803669134213,0.391696169938848
68081,0.335213032581454,0.058375104427736,0.305033416875522,0.138471177944862,0.162907268170426
68092,0.12152704135737,0.040084835630965,0.287804878048781,0.183987274655355,0.366595970307529
68147,0.0262325201592324,0.0164336021230989,0.144738185158722,0.239154843319383,0.573440849239563
68162,0.077172096908939,0.0329991645781119,0.387531328320802,0.100563909774436,0.401733500417711
68167,0.0755923673726148,0.0233801635563011,0.623191444747326,0.107779408681065,0.170056615642692
68190,0.133417508417508,0.0435606060606061,0.311132154882155,0.117845117845118,0.394044612794613
68209,0.0571010248901903,0.0190336749633968,0.211671198494039,0.276615770759255,0.435578330893119
68217,0.0693690818172146,0.023300351101181,0.34961166081498,0.127034790935206,0.430684115331418
68229,0.0715935334872979,0.0440898593323536,0.273777031282805,0.178144026873819,0.432395549023725
68235,0.0323651452282158,0.0184647302904564,0.190352697095436,0.145124481327801,0.613692946058091
68250,0.0579590146967501,0.0270130407783068,0.549679155454357,0.0365348789070586,0.328813910163527
68255,0.0456606885178314,0.0195835910121624,0.295299938157081,0.180787466501752,0.458668315811173
68264,0.0344720817421819,0.0107338218598411,0.425637320672928,0.23666013004438,0.292496645680669
68276,0.178400255618277,0.0880817978485462,0.237298966876132,0.247310682713814,0.248908296943231
68307,0.175943698016635,0.0677116656003412,0.249413521006611,0.23107272339518,0.275858391981233
68320,0.0499846672799755,0.0157415925585199,0.130328120208525,0.461923745272411,0.342021874680568
68324,0.0550400674820751,0.0200337410375369,0.498207507380852,0.212990299451708,0.213728384647828
68327,0.10803324099723,0.0191774984018751,0.539420413381632,0.133603238866397,0.199765608352866
68377,0.0309299679321403,0.0208958311782352,0.184338471087204,0.153925726699079,0.609910003103341
68385,0.0742616033755274,0.020464135021097,0.449050632911392,0.0781645569620253,0.378059071729958
68406,0.0786030808187381,0.0497995357670395,0.262713652669339,0.148027009917704,0.460856720827179
68418,0.0831744013562195,0.0599703326976054,0.359610086882814,0.19262555626192,0.304619622801441
68432,0.105971404541632,0.042367535744323,0.182926829268293,0.265033641715728,0.403700588730025
68464,0.0686032800943295,0.0470575624397041,0.250294779719155,0.208596848536821,0.42544752920999
68498,0.0459205020920502,0.0274058577405858,0.343619246861925,0.128242677824268,0.454811715481172
68500,0.110958324518722,0.0316268246244976,0.243600592341866,0.235138565686482,0.378675692828432
68547,0.175490716180371,0.0712997347480106,0.23946949602122,0.227692307692308,0.28604774535809
68572,0.097062848720918,0.0460048426150121,0.343825665859564,0.264764712074955,0.24834193072955
68573,0.0714959639375197,0.0701331376454555,0.294475311877555,0.0827130726491246,0.481182513890345
68575,0.202787816210635,0.0408879710893134,0.252555498193082,0.165720185854414,0.338048528652555
68615,0.0569620253164557,0.0310126582278481,0.331012658227848,0.123101265822785,0.457911392405063
68655,0.115670870374199,0.0386603266487492,0.278271655985115,0.175625387636965,0.391771759354972
68669,0.0567280963656955,0.0227530114279831,0.364974776073304,0.138371255019047,0.417172861113971
68679,0.210866752910737,0.0834411384217335,0.217658473479948,0.203859422164726,0.284174213022855
68682,0.0535109983079526,0.020093062605753,0.356916243654822,0.219225888324873,0.350253807106599
68684,0.052344152498712,0.0219474497681607,0.135703245749614,0.276970633693972,0.513034518289541
68686,0.0233463035019455,0.027027027027027,0.234935324429488,0.170995898622358,0.543695446419182
68689,0.143738039549224,0.0358281947692962,0.245906867956623,0.141824367425048,0.432702530299809
68720,0.0256689671873108,0.0118658433224361,0.355127739435767,0.133551277394358,0.473786172660128
68745,0.0633201416371589,0.0207248489897938,0.39439700062487,0.0973755467610914,0.424182461987086
68755,0.104722575180008,0.0458492164337145,0.313638288860652,0.262706480304956,0.273083439220669
68770,0.0575348293097947,0.0300967776241625,0.494523024566628,0.136339466127832,0.281505902371584
68773,0.0441267868241144,0.0135695048684483,0.222394862233271,0.134659208618189,0.585249637455977
68780,0.0490608642102022,0.021861849532998,0.282048650313045,0.124397002976496,0.522631632967259
68820,0.0770314192849404,0.0317443120260022,0.40433369447454,0.0939328277356446,0.392957746478873
68855,0.104026845637584,0.0342911073825503,0.275587248322148,0.219169463087248,0.36692533557047
68861,0.109769247358206,0.0397886564589174,0.395729997843433,0.169506146215225,0.285205952124218
68872,0.08989815007275,0.061421741841613,0.194969860735814,0.266472666805238,0.387237580544585
68895,0.0921879995736971,0.0413513801556006,0.200895236065224,0.297346264520942,0.368219119684536
70001,0.143955349620893,0.0406486941870261,0.35256950294861,0.0664490311710194,0.396377422072452
70110,0.0432193819936351,0.0183759367621394,0.676521917667591,0.0325428600759676,0.229339903500667
70124,0.0519678633174006,0.00640699684735076,0.753381470558324,0.0209498627072104,0.167293806569714
70204,0.0232439596289122,0.0177388112957488,0.486491997145479,0.0273218472831073,0.445203384646753
70215,0.155798231929277,0.0248569942797712,0.404264170566823,0.0515860634425377,0.363494539781591
70221,0.069692896287871,0.0232654327370489,0.471202564367697,0.080136490538724,0.355702616068659
70230,0.0396199717000202,0.0133414190418435,0.391348291894077,0.0470992520719628,0.508591065292096
70233,0.058253428188473,0.00896999690689762,0.700587689452521,0.0285596453242602,0.203629240127848
70235,0.0528107271789582,0.0173285198555957,0.470758122743682,0.0606498194945848,0.398452810727179
70265,0.0191179445680761,0.0196237102973902,0.304066356463686,0.0291321060084969,0.628059882662351
70400,0.0607740478390309,0.016938712657838,0.669643773739863,0.0700133456523971,0.182630120110872
70418,0.0725081699346405,0.0155228758169935,0.611825980392157,0.0359477124183007,0.264195261437909
70429,0.029611601257479,0.0101409593347531,0.490213974241963,0.0286989149173512,0.441334550248453
70473,0.100093545369504,0.0226587672799085,0.45088868101029,0.0453175345598171,0.38104147178048
70508,0.0795013284283671,0.0166564479869201,0.489270386266094,0.0223789086450031,0.392192928673615
70523,0.0784652961530633,0.0180134337472013,0.572155505800936,0.0832485243232241,0.248117239975575
70670,0.0572900566718186,0.0306027820710974,0.60978876867594,0.0459556929417826,0.256362699639361
70678,0.0454960901797502,0.0143190819538946,0.524322128567076,0.0303645780440743,0.385498121255205
70702,0.0559346567411084,0.0173697270471464,0.561207609594706,0.0403225806451613,0.325165425971878
70708,0.0418566100290095,0.0236220472440945,0.508806464981351,0.0418566100290095,0.383858267716535
70713,0.0952187182095626,0.0139369277721261,0.640386571719227,0.0310274669379451,0.219430315361139
70717,0.0630809399477807,0.0206788511749347,0.540678851174935,0.0435509138381201,0.33201044386423
70742,0.061758218674509,0.0236319714315723,0.528620943178238,0.0712110072471379,0.314777859468543
70771,0.0217589312822589,0.0114360894646291,0.462503795162433,0.0277299868434369,0.476571197247242
70820,0.0930014580295772,0.0237450531139346,0.511872526556967,0.0604040824828161,0.310976879816705
70823,0.0450819672131148,0.0114754098360656,0.65952868852459,0.0351434426229508,0.248770491803279
73001,0.159533490263214,0.121014337684571,0.179542050074898,0.142948855125187,0.396961266852129
73024,0.0276748971193416,0.0128600823045267,0.124691358024691,0.187654320987654,0.647119341563786
73026,0.0770686573441278,0.0467879297655346,0.46493533802965,0.0835874250867417,0.327620649773946
73030,0.103010103114259,0.0298927195083845,0.554004791167587,0.114154775544214,0.198937610665556
73043,0.0622291021671827,0.0234262125902993,0.121671826625387,0.0683178534571724,0.724355005159959
73055,0.136658097686375,0.0333161953727506,0.373778920308483,0.122159383033419,0.334087403598972
73067,0.0340052942374262,0.0169008348605172,0.159437996334759,0.0458155161881491,0.743840358379149
73124,0.115869286629645,0.0636480136693721,0.123024348568988,0.121529260999573,0.575929090132422
73148,0.0637471119512708,0.0240495694181895,0.396555345515648,0.0985087166561647,0.417139256458727
73152,0.0509698720594305,0.0246595130004127,0.146822121337185,0.219149814279818,0.558398679323153
73168,0.0749243451946155,0.0303662736095169,0.304393196285088,0.0612543044975477,0.529061880413232
73200,0.109751037344398,0.0428423236514523,0.447406639004149,0.125414937759336,0.274585062240664
73217,0.19396110542477,0.0194472876151484,0.395905834186285,0.072978505629478,0.317707267144319
73226,0.0441988950276243,0.0134473053268008,0.20963202335036,0.142916710101115,0.5898050661941
73236,0.0690367920628359,0.0200496072757338,0.139417114510128,0.0632492765605622,0.70824720959074
73268,0.098874256584537,0.0501274426508071,0.285152931180969,0.215484282073067,0.35036108751062
73270,0.0815808940082426,0.0185987530381486,0.403149107048505,0.0589665011095847,0.437704744795519
73275,0.130366492146597,0.0341361256544503,0.278219895287958,0.171623036649215,0.38565445026178
73283,0.0875117764053177,0.0338113681566,0.143724484455145,0.191458180676227,0.54349419030671
73319,0.0824391250515889,0.0277548493602972,0.193355344614115,0.329653322327693,0.366797358646306
73347,0.0824243671537353,0.0416752418193044,0.155793373122042,0.133154970158469,0.58695204774645
73349,0.134518300378629,0.0471182162389567,0.315839293226756,0.193100546907867,0.309423643247791
73352,0.115522325189554,0.0283277169334457,0.40343302443134,0.0719250210614996,0.380791912384162
73408,0.220949604331528,0.0326947105372761,0.330174927113703,0.131195335276968,0.284985422740525
73411,0.157955258206147,0.0478779008990174,0.226949613213464,0.106209491950659,0.461007735730713
73443,0.119923656027993,0.0521683808715937,0.252465274096066,0.100943696320645,0.474498992683703
73449,0.0588051623646961,0.0409034138218152,0.200353871773522,0.176831806827644,0.523105745212323
73483,0.200184596451646,0.0192800738385807,0.365808635011794,0.107681263460158,0.307045431237822
73504,0.0815781362375424,0.0227062570635981,0.231686016644406,0.235898489674304,0.42813110038015
73547,0.180039138943249,0.076320939334638,0.257447271145901,0.128723635572951,0.357469015003262
73555,0.0990526315789474,0.048,0.244736842105263,0.0852631578947368,0.522947368421053
73563,0.052295655754581,0.0189417335803994,0.303994235124562,0.0766934321597694,0.548074943380688
73585,0.13789888106092,0.0307708246995441,0.297244094488189,0.251036054703688,0.283050145047659
73616,0.0673563961633797,0.0400905269964436,0.302726586916694,0.0618601142364479,0.527966375687035
73624,0.0613217319245908,0.0302465299357779,0.153718665837995,0.181479179614667,0.573233892686969
73671,0.150463686568719,0.0509534229446702,0.12399708242159,0.325622590392831,0.348963217672189
73675,0.0393741051339742,0.0276130087952547,0.0845776232358356,0.173450603395377,0.674984659439558
73678,0.0604655953852493,0.0287391841779975,0.328800988875155,0.119489081170169,0.46250515039143
73686,0.0447776522542878,0.0120160213618158,0.161240628530348,0.189894217931601,0.592071479921947
73770,0.04558025197173,0.0260165932602684,0.376318754481205,0.196456007374782,0.355628392912015
73854,0.0453620829943043,0.0149511798209927,0.144833197721725,0.409275834011391,0.385577705451587
73861,0.0843423799582463,0.0305845511482255,0.398016701461378,0.0971816283924843,0.389874739039666
73873,0.0504544990297212,0.0132774997446635,0.166070881421714,0.0325809416811357,0.737616178122766
76001,0.219225005352173,0.127381716977093,0.256904303147078,0.200492399914365,0.195996574609291
76020,0.0893546032739026,0.0818475654259201,0.352830778855177,0.145970180377437,0.329996872067563
76036,0.194615221539114,0.0515157939368243,0.274432902268391,0.306656773372906,0.172779308882764
76041,0.0924813587406794,0.0374896437448219,0.131938690969345,0.348487986743993,0.38960231980116
76054,0.0362193509003968,0.017906195950758,0.367077016990538,0.305524468409808,0.273272967748499
76100,0.0755601875977071,0.0360604481500782,0.235435122459614,0.324544033350703,0.328400208441897
76109,0.144807308621233,0.0437887220413735,0.568833350834821,0.113199621967867,0.129370996534705
76111,0.183419243986254,0.110609965635739,0.321735395189003,0.198668384879725,0.185567010309278
76113,0.257496330467603,0.05409939190606,0.334346823233382,0.204130845040889,0.149926609352065
76122,0.0766175394585555,0.063969896519285,0.170377338768684,0.382356015469844,0.306679209783631
76126,0.170905285190999,0.0572475143903715,0.282365253793825,0.235164835164835,0.254317111459969
76130,0.22725335606222,0.0685062859578095,0.373535052205412,0.182292776475602,0.148412529298956
76147,0.160106382978723,0.0896808510638298,0.179148936170213,0.275425531914894,0.29563829787234
76233,0.0688937454469768,0.0354875637423249,0.341658861484025,0.136954938078884,0.417004891247789
76243,0.050683074356033,0.0353530086557514,0.104911878193764,0.387527375117322,0.42152466367713
76246,0.060596611578838,0.054672071510238,0.358486643800021,0.221494647126078,0.304750025984825
76248,0.265978730125303,0.0706538907023271,0.303885437506581,0.217226492576603,0.142255449089186
76250,0.0490115321252059,0.0303747940691928,0.346890444810544,0.387252883031302,0.186470345963756
76275,0.298018857929865,0.0564678461701451,0.28075007945757,0.202457887488081,0.162305328954338
76306,0.15463481661558,0.0984039742099144,0.310855089314026,0.213190994609449,0.222915125251031
76318,0.201218231463978,0.0542953161100609,0.484562066792691,0.142197017433312,0.117727368199958
76364,0.170267379679144,0.0921925133689839,0.399679144385027,0.150053475935829,0.187807486631016
76377,0.107557227971151,0.0582209679105258,0.343054248980872,0.249189923696038,0.241977631441413
76400,0.100338696020322,0.0559906858594412,0.119390347163421,0.428027095681626,0.296253175275191
76403,0.10559330893884,0.0333507579717721,0.21829587036069,0.381808677469943,0.260951385258756
76497,0.108950649899609,0.0520976434534503,0.480608686463067,0.110218746697665,0.248124273486209
76520,0.233720558456784,0.102099541724395,0.318981136097197,0.175423638495151,0.169775125226473
76563,0.192581570836433,0.0563290466574556,0.392709108300563,0.152300988415347,0.206079285790201
76606,0.0813866666666667,0.05952,0.360426666666667,0.192853333333333,0.305813333333333
76616,0.176385142145673,0.0403610707615688,0.164971985889189,0.408072214152314,0.210209587051255
76622,0.107213904303214,0.0542351586221338,0.205528216940635,0.444037273583918,0.188985446550099
76670,0.125367492650147,0.0527089458210836,0.396262074758505,0.192461150776984,0.23320033599328
76736,0.154001059883413,0.0705882352941176,0.265712771595125,0.18622151563328,0.323476417594065
76823,0.0561844428289542,0.0489147367327864,0.268875272613979,0.211756153286946,0.414269394537335
76828,0.0776076158940397,0.0394246688741722,0.141349337748344,0.386175496688742,0.355442880794702
76834,0.208195848855774,0.0811069717935072,0.235657264502395,0.236508781266631,0.238531133581692
76845,0.0666386377969308,0.0545511877233551,0.309964263191087,0.35989068740803,0.208955223880597
76863,0.0587210493953679,0.0286944045911047,0.189895470383275,0.463004714080754,0.259684361549498
76869,0.095612582781457,0.0456332781456954,0.175289735099338,0.533629966887417,0.149834437086093
76890,0.102633779264214,0.0658444816053512,0.44690635451505,0.172031772575251,0.212583612040134
76892,0.279161766278199,0.0835026194803806,0.333155137389073,0.179835346947503,0.124345129904843
76895,0.201000212811236,0.0842732496275803,0.335071291764205,0.236752500532028,0.14290274526495
81001,0.0661572280958861,0.052653616664922,0.205694546215848,0.0854181932377264,0.590076415785617
81065,0.237414543194531,0.0451626268904081,0.415061114563911,0.0812098611974311,0.221151854153719
81220,0.0379786566227244,0.0157982841598661,0.278196275371417,0.014752040175769,0.653274743670224
81300,0.255260066218092,0.0283028943714621,0.443234006194596,0.0785004806151874,0.194702552600662
81736,0.165599658557405,0.0580452411438327,0.275714895433205,0.130174989329919,0.370465215535638
81794,0.114840062926062,0.0315679077084426,0.271525957000524,0.0920818038804405,0.489984268484531
85001,0.116276618174151,0.117225384777567,0.0806451612903226,0.117436221800548,0.568416613957411
85010,0.119322960470984,0.0952481076534903,0.108179142136249,0.146761984861228,0.530487804878049
85125,0.0758026464252744,0.0340547748487024,0.0924197353574726,0.0352856703251616,0.762437173043389
85139,0.0868095891857641,0.0778329285035379,0.110571338050481,0.065054388002957,0.659731756257261
85162,0.136140200897628,0.0978841632827527,0.0931823039110921,0.128980551399872,0.543812780508656
85225,0.0492352817934213,0.0645296459249948,0.0805573014875341,0.0422166352398911,0.763461135554159
85230,0.112282551396943,0.115129151291513,0.136004217185029,0.055983131259884,0.580600948866632
85250,0.0738331268071045,0.0394465097067328,0.0662949194547708,0.0525609252375052,0.767864518793887
85263,0.0637371748367706,0.0426987252565033,0.101564929008187,0.0348222613742357,0.757176909524303
85400,0.0700749687630154,0.0325905872553103,0.145043731778426,0.0458142440649729,0.706476468138276
85410,0.12649288607332,0.0778897081732267,0.0649080901443556,0.133658739225257,0.597050576383841
85430,0.0698350108955069,0.0516758327280274,0.0644391408114559,0.0399501919684549,0.774099823596555
85440,0.115802675585284,0.0603051839464883,0.132943143812709,0.1999372909699,0.491011705685619
86001,0.185678339274481,0.0662612707066471,0.300482281400713,0.253197735374292,0.194380373243867
86219,0.143819293337478,0.022899181431976,0.382861879597969,0.246399336856284,0.204020308776293
86320,0.257734092084842,0.0816347646145887,0.466114847387481,0.09425763062597,0.100258665287118
86568,0.146842105263158,0.0562105263157895,0.325052631578947,0.252,0.219894736842105
86569,0.131796752226296,0.0306966998428497,0.563017286537454,0.197695128339445,0.076794133053955
86571,0.186001085187195,0.0400434074877916,0.30363537710255,0.190992946283234,0.27932718393923
86573,0.111099595813038,0.0454969426883615,0.296714685459633,0.13980723391025,0.406881542128718
86749,0.243091626843964,0.0439434863910243,0.307084978184085,0.23187201329732,0.174007895283607
86757,0.130278434192952,0.0483920682215144,0.686941333607315,0.0846604335764923,0.0497277304017261
86865,0.145152982383847,0.0349232512619759,0.706912537344185,0.0567631606057484,0.0562480684042444
86885,0.164762102638687,0.0346976937461043,0.254726781633077,0.273010596301683,0.272802825680449
88001,0.0971009807091281,0.105938139885764,0.384955275352947,0.0802888242267486,0.331716779825412
88564,0.0284897267528066,0.0697945350561322,0.560474475746664,0.0226646896843889,0.318576572760008
91001,0.150285417747795,0.0656979761286975,0.299325376232486,0.113336792942398,0.371354436948625
94001,0.0747557840616967,0.0491516709511568,0.432596401028278,0.108894601542416,0.334601542416452
95001,0.0643622097338564,0.060332944544587,0.286820061499311,0.130526985473439,0.457957798748807
95015,0.0766810028322669,0.0204552606734501,0.671981537816008,0.0774152942410574,0.153466904437218
95025,0.0249040157725433,0.014942409463526,0.538653107813635,0.0678634429801806,0.353637023970115
97001,0.0806945863125638,0.0606741573033708,0.634627170582227,0.0638406537282942,0.160163432073544
99001,0.0755068266446007,0.0462350020686802,0.366466694249069,0.112432767894084,0.399358709143566
99524,0.0250282080213355,0.0205149246076521,0.211611447327931,0.0291311929428659,0.713714227100215
99773,0.0428263325459587,0.0277292800657287,0.562288179110609,0.0585395912498716,0.308616617027832
